Sc_Au(111)                                             0    36    17             0.528218
Sc_Au(111)                                             0    36    21             0.878664
Sc_Au(111)                                             0    36    29             0.878664
Sc_Au(111)                                             0    36    33             0.876006
Sc_Au(111)                                             1    36    17             0.530876
Sc_Au(111)                                             2    36    17             0.530876
Sc_Au(111)                                             6    36     9             1.080215
Sc_Au(111)                                             6    36    13             0.915554
Sc_Au(111)                                             6    36    17             0.545957
Sc_Au(111)                                             6    36    21             0.915554
Sc_Au(111)                                             6    36    29             0.893745
Sc_Au(111)                                             6    36    33             0.893745
Sc_Au(111)                                             7    36     1             0.915554
Sc_Au(111)                                             7    36    13             0.893745
Sc_Au(111)                                             7    36    17             0.545957
Sc_Au(111)                                             7    36    25             1.080215
Sc_Au(111)                                             7    36    33             0.915554
Sc_Au(111)                                             8    36    17             0.474998
Sc_Au(111)                                             9    36    17             0.474998
Ti_Au(111)                                             0    36    17             0.528218
Ti_Au(111)                                             0    36    21             0.878664
Ti_Au(111)                                             0    36    29             0.878664
Ti_Au(111)                                             0    36    33             0.876006
Ti_Au(111)                                             1    36    17             0.530876
Ti_Au(111)                                             2    36    17             0.530876
Ti_Au(111)                                             6    36     9             1.049939
Ti_Au(111)                                             6    36    13             0.904397
Ti_Au(111)                                             6    36    17             0.477223
Ti_Au(111)                                             6    36    21             0.904397
Ti_Au(111)                                             6    36    29             0.825011
Ti_Au(111)                                             6    36    33             0.825011
Ti_Au(111)                                             7    36     1             0.904397
Ti_Au(111)                                             7    36    13             0.825011
Ti_Au(111)                                             7    36    17             0.477223
Ti_Au(111)                                             7    36    25             1.049939
Ti_Au(111)                                             7    36    33             0.904397
Ti_Au(111)                                             8    36    17             0.474998
Ti_Au(111)                                             9    36    17             0.474998
V_Au(111)                                              0    36    17             0.745458
V_Au(111)                                              0    36    21             0.834316
V_Au(111)                                              0    36    29             0.834316
V_Au(111)                                              0    36    33             1.040427
V_Au(111)                                              1    36    17             0.530876
V_Au(111)                                              2    36    17             0.530876
V_Au(111)                                              6    36     9             1.082760
V_Au(111)                                              6    36    13             0.882371
V_Au(111)                                              6    36    17             0.528218
V_Au(111)                                              6    36    21             0.882371
V_Au(111)                                              6    36    29             0.831658
V_Au(111)                                              6    36    33             0.831658
V_Au(111)                                              7    36     1             0.882371
V_Au(111)                                              7    36    13             0.831658
V_Au(111)                                              7    36    17             0.528218
V_Au(111)                                              7    36    25             1.082760
V_Au(111)                                              7    36    33             0.882371
V_Au(111)                                              8    36    17             0.474998
V_Au(111)                                              9    36    17             0.474998
Cr_Au(111)                                             0    36    17             0.763068
Cr_Au(111)                                             0    36    21             0.834316
Cr_Au(111)                                             0    36    29             0.834316
Cr_Au(111)                                             0    36    33             1.058037
Cr_Au(111)                                             1    36    17             0.530876
Cr_Au(111)                                             2    36    17             0.530876
Cr_Au(111)                                             6    36     9             1.082760
Cr_Au(111)                                             6    36    13             0.882371
Cr_Au(111)                                             6    36    17             0.528218
Cr_Au(111)                                             6    36    21             0.882371
Cr_Au(111)                                             6    36    29             0.831658
Cr_Au(111)                                             6    36    33             0.831658
Cr_Au(111)                                             7    36     1             0.882371
Cr_Au(111)                                             7    36    13             0.831658
Cr_Au(111)                                             7    36    17             0.528218
Cr_Au(111)                                             7    36    25             1.082760
Cr_Au(111)                                             7    36    33             0.882371
Cr_Au(111)                                             8    36    17             0.474998
Cr_Au(111)                                             9    36    17             0.474998
Mn_Au(111)                                             0    36    17             0.763068
Mn_Au(111)                                             0    36    21             0.845587
Mn_Au(111)                                             0    36    29             0.845587
Mn_Au(111)                                             0    36    33             1.069308
Mn_Au(111)                                             1    36    17             0.530876
Mn_Au(111)                                             2    36    17             0.530876
Mn_Au(111)                                             6    36     9             1.082760
Mn_Au(111)                                             6    36    13             0.899044
Mn_Au(111)                                             6    36    17             0.528218
Mn_Au(111)                                             6    36    21             0.899044
Mn_Au(111)                                             6    36    29             0.842929
Mn_Au(111)                                             6    36    33             0.842929
Mn_Au(111)                                             7    36     1             0.899044
Mn_Au(111)                                             7    36    13             0.842929
Mn_Au(111)                                             7    36    17             0.528218
Mn_Au(111)                                             7    36    25             1.082760
Mn_Au(111)                                             7    36    33             0.899044
Mn_Au(111)                                             8    36    17             0.474998
Mn_Au(111)                                             9    36    17             0.474998
Fe_Au(111)                                             0    36    17             0.763068
Fe_Au(111)                                             0    36    21             0.834316
Fe_Au(111)                                             0    36    29             0.834316
Fe_Au(111)                                             0    36    33             1.058037
Fe_Au(111)                                             1    36    17             0.530876
Fe_Au(111)                                             2    36    17             0.530876
Fe_Au(111)                                             6    36     9             1.082760
Fe_Au(111)                                             6    36    13             0.882371
Fe_Au(111)                                             6    36    17             0.528218
Fe_Au(111)                                             6    36    21             0.882371
Fe_Au(111)                                             6    36    29             0.831658
Fe_Au(111)                                             6    36    33             0.831658
Fe_Au(111)                                             7    36     1             0.882371
Fe_Au(111)                                             7    36    13             0.831658
Fe_Au(111)                                             7    36    17             0.528218
Fe_Au(111)                                             7    36    25             1.082760
Fe_Au(111)                                             7    36    33             0.882371
Fe_Au(111)                                             8    36    17             0.474998
Fe_Au(111)                                             9    36    17             0.474998
Co_Au(111)                                             0    36    17             0.763068
Co_Au(111)                                             0    36    21             0.837192
Co_Au(111)                                             0    36    29             0.837192
Co_Au(111)                                             0    36    33             1.060913
Co_Au(111)                                             1    36    17             0.530876
Co_Au(111)                                             2    36    17             0.530876
Co_Au(111)                                             6    36     9             1.082760
Co_Au(111)                                             6    36    13             0.865447
Co_Au(111)                                             6    36    17             0.528218
Co_Au(111)                                             6    36    21             0.865447
Co_Au(111)                                             6    36    29             0.834534
Co_Au(111)                                             6    36    33             0.834534
Co_Au(111)                                             7    36     1             0.865447
Co_Au(111)                                             7    36    13             0.834534
Co_Au(111)                                             7    36    17             0.528218
Co_Au(111)                                             7    36    25             1.082760
Co_Au(111)                                             7    36    33             0.865447
Co_Au(111)                                             8    36    17             0.474998
Co_Au(111)                                             9    36    17             0.474998
Zn_Au(111)                                             0    36    17             0.769033
Zn_Au(111)                                             0    36    21             0.842740
Zn_Au(111)                                             0    36    29             0.842740
Zn_Au(111)                                             0    36    33             1.055630
Zn_Au(111)                                             1    36    17             0.547672
Zn_Au(111)                                             2    36    17             0.547672
Zn_Au(111)                                             6    36     9             1.082760
Zn_Au(111)                                             6    36    13             0.890795
Zn_Au(111)                                             6    36    17             0.545013
Zn_Au(111)                                             6    36    21             0.890795
Zn_Au(111)                                             6    36    29             0.840081
Zn_Au(111)                                             6    36    33             0.840081
Zn_Au(111)                                             7    36     1             0.890795
Zn_Au(111)                                             7    36    13             0.840081
Zn_Au(111)                                             7    36    17             0.545013
Zn_Au(111)                                             7    36    25             1.082760
Zn_Au(111)                                             7    36    33             0.890795
Zn_Au(111)                                             8    36    17             0.534913
Zn_Au(111)                                             9    36    17             0.534913
Ga_Au(111)                                             0    36    17             0.528218
Ga_Au(111)                                             0    36    21             0.834316
Ga_Au(111)                                             0    36    29             0.834316
Ga_Au(111)                                             0    36    33             0.831658
Ga_Au(111)                                             1    36    17             0.530876
Ga_Au(111)                                             2    36    17             0.530876
Ga_Au(111)                                             6    36     9             1.082760
Ga_Au(111)                                             6    36    13             0.882371
Ga_Au(111)                                             6    36    17             0.528218
Ga_Au(111)                                             6    36    21             0.882371
Ga_Au(111)                                             6    36    29             0.831658
Ga_Au(111)                                             6    36    33             0.831658
Ga_Au(111)                                             7    36     1             0.882371
Ga_Au(111)                                             7    36    13             0.831658
Ga_Au(111)                                             7    36    17             0.528218
Ga_Au(111)                                             7    36    25             1.082760
Ga_Au(111)                                             7    36    33             0.882371
Ga_Au(111)                                             8    36    17             0.474998
Ga_Au(111)                                             9    36    17             0.474998
Ge_Au(111)                                             0    36    17             0.528218
Ge_Au(111)                                             0    36    21             0.828768
Ge_Au(111)                                             0    36    29             0.828768
Ge_Au(111)                                             0    36    33             0.826110
Ge_Au(111)                                             1    36    17             0.530876
Ge_Au(111)                                             2    36    17             0.530876
Ge_Au(111)                                             6    36     9             1.082760
Ge_Au(111)                                             6    36    13             0.857024
Ge_Au(111)                                             6    36    17             0.528218
Ge_Au(111)                                             6    36    21             0.857024
Ge_Au(111)                                             6    36    29             0.826110
Ge_Au(111)                                             6    36    33             0.826110
Ge_Au(111)                                             7    36     1             0.857024
Ge_Au(111)                                             7    36    13             0.826110
Ge_Au(111)                                             7    36    17             0.528218
Ge_Au(111)                                             7    36    25             1.082760
Ge_Au(111)                                             7    36    33             0.857024
Ge_Au(111)                                             8    36    17             0.474998
Ge_Au(111)                                             9    36    17             0.474998
Y_Au(111)                                              0    36    17             0.545957
Y_Au(111)                                              0    36    21             0.885577
Y_Au(111)                                              0    36    29             0.885577
Y_Au(111)                                              0    36    33             0.893745
Y_Au(111)                                              1    36     9             0.989132
Y_Au(111)                                              1    36    17             0.530876
Y_Au(111)                                              1    36    33             0.876006
Y_Au(111)                                              2    36    13             0.876006
Y_Au(111)                                              2    36    17             0.530876
Y_Au(111)                                              2    36    25             0.989132
Y_Au(111)                                              2    36    29             0.876006
Y_Au(111)                                              6    36     9             1.060672
Y_Au(111)                                              6    36    13             0.919075
Y_Au(111)                                              6    36    17             0.530876
Y_Au(111)                                              6    36    21             0.919075
Y_Au(111)                                              6    36    29             0.878664
Y_Au(111)                                              6    36    33             0.878664
Y_Au(111)                                              7    36     1             0.919075
Y_Au(111)                                              7    36    13             0.878664
Y_Au(111)                                              7    36    17             0.530876
Y_Au(111)                                              7    36    25             1.060672
Y_Au(111)                                              7    36    33             0.919075
Y_Au(111)                                              8    36    17             0.474998
Y_Au(111)                                              9    36    17             0.474998
Zr_Au(111)                                             0    36    17             0.528218
Zr_Au(111)                                             0    36    21             0.878664
Zr_Au(111)                                             0    36    29             0.878664
Zr_Au(111)                                             0    36    33             0.876006
Zr_Au(111)                                             1    36     9             0.989132
Zr_Au(111)                                             1    36    17             0.530876
Zr_Au(111)                                             1    36    33             1.084775
Zr_Au(111)                                             2    36    13             1.084775
Zr_Au(111)                                             2    36    17             0.530876
Zr_Au(111)                                             2    36    25             0.989132
Zr_Au(111)                                             2    36    29             1.084775
Zr_Au(111)                                             6    36     9             1.124740
Zr_Au(111)                                             6    36    13             0.966261
Zr_Au(111)                                             6    36    17             0.545957
Zr_Au(111)                                             6    36    21             0.966261
Zr_Au(111)                                             6    36    29             0.893745
Zr_Au(111)                                             6    36    33             0.893745
Zr_Au(111)                                             7    36     1             0.966261
Zr_Au(111)                                             7    36    13             0.893745
Zr_Au(111)                                             7    36    17             0.545957
Zr_Au(111)                                             7    36    25             1.124740
Zr_Au(111)                                             7    36    33             0.966261
Zr_Au(111)                                             8    36    17             0.474998
Zr_Au(111)                                             9    36    17             0.474998
Nb_Au(111)                                             0    36    17             0.528218
Nb_Au(111)                                             0    36    21             0.845587
Nb_Au(111)                                             0    36    29             0.845587
Nb_Au(111)                                             0    36    33             0.842929
Nb_Au(111)                                             1    36    17             0.530876
Nb_Au(111)                                             2    36    17             0.530876
Nb_Au(111)                                             6    36     9             1.049939
Nb_Au(111)                                             6    36    13             0.866223
Nb_Au(111)                                             6    36    17             0.477223
Nb_Au(111)                                             6    36    21             0.866223
Nb_Au(111)                                             6    36    29             0.791934
Nb_Au(111)                                             6    36    33             0.791934
Nb_Au(111)                                             7    36     1             0.866223
Nb_Au(111)                                             7    36    13             0.791934
Nb_Au(111)                                             7    36    17             0.477223
Nb_Au(111)                                             7    36    25             1.049939
Nb_Au(111)                                             7    36    33             0.866223
Nb_Au(111)                                             8    36    17             0.474998
Nb_Au(111)                                             9    36    17             0.474998
Mo_Au(111)                                             0    36    17             0.528218
Mo_Au(111)                                             0    36    21             0.828768
Mo_Au(111)                                             0    36    29             0.828768
Mo_Au(111)                                             0    36    33             0.826110
Mo_Au(111)                                             1    36    17             0.530876
Mo_Au(111)                                             2    36    17             0.530876
Mo_Au(111)                                             6    36     9             1.082760
Mo_Au(111)                                             6    36    13             0.857024
Mo_Au(111)                                             6    36    17             0.477223
Mo_Au(111)                                             6    36    21             0.857024
Mo_Au(111)                                             6    36    29             0.775115
Mo_Au(111)                                             6    36    33             0.775115
Mo_Au(111)                                             7    36     1             0.857024
Mo_Au(111)                                             7    36    13             0.775115
Mo_Au(111)                                             7    36    17             0.477223
Mo_Au(111)                                             7    36    25             1.082760
Mo_Au(111)                                             7    36    33             0.857024
Mo_Au(111)                                             8    36    17             0.474998
Mo_Au(111)                                             9    36    17             0.474998
Tc_Au(111)                                             0    36    17             0.528218
Tc_Au(111)                                             0    36    21             0.828768
Tc_Au(111)                                             0    36    29             0.828768
Tc_Au(111)                                             0    36    33             0.826110
Tc_Au(111)                                             1    36    17             0.530876
Tc_Au(111)                                             2    36    17             0.530876
Tc_Au(111)                                             6    36     9             1.082760
Tc_Au(111)                                             6    36    13             0.857024
Tc_Au(111)                                             6    36    17             0.528218
Tc_Au(111)                                             6    36    21             0.857024
Tc_Au(111)                                             6    36    29             0.826110
Tc_Au(111)                                             6    36    33             0.826110
Tc_Au(111)                                             7    36     1             0.857024
Tc_Au(111)                                             7    36    13             0.826110
Tc_Au(111)                                             7    36    17             0.528218
Tc_Au(111)                                             7    36    25             1.082760
Tc_Au(111)                                             7    36    33             0.857024
Tc_Au(111)                                             8    36    17             0.474998
Tc_Au(111)                                             9    36    17             0.474998
Ru_Au(111)                                             0    36    17             0.528218
Ru_Au(111)                                             0    36    21             0.837192
Ru_Au(111)                                             0    36    29             0.837192
Ru_Au(111)                                             0    36    33             0.834534
Ru_Au(111)                                             1    36    17             0.530876
Ru_Au(111)                                             2    36    17             0.530876
Ru_Au(111)                                             6    36     9             1.082760
Ru_Au(111)                                             6    36    13             0.865447
Ru_Au(111)                                             6    36    17             0.528218
Ru_Au(111)                                             6    36    21             0.865447
Ru_Au(111)                                             6    36    29             0.834534
Ru_Au(111)                                             6    36    33             0.834534
Ru_Au(111)                                             7    36     1             0.865447
Ru_Au(111)                                             7    36    13             0.834534
Ru_Au(111)                                             7    36    17             0.528218
Ru_Au(111)                                             7    36    25             1.082760
Ru_Au(111)                                             7    36    33             0.865447
Ru_Au(111)                                             8    36    17             0.474998
Ru_Au(111)                                             9    36    17             0.474998
Cd_Au(111)                                             0    36    17             0.589485
Cd_Au(111)                                             0    36    21             0.867893
Cd_Au(111)                                             0    36    29             0.867893
Cd_Au(111)                                             0    36    33             0.865234
Cd_Au(111)                                             1    36    17             0.592144
Cd_Au(111)                                             2    36    17             0.592144
Cd_Au(111)                                             6    36     9             1.080215
Cd_Au(111)                                             6    36    13             0.913403
Cd_Au(111)                                             6    36    17             0.538490
Cd_Au(111)                                             6    36    21             0.913403
Cd_Au(111)                                             6    36    29             0.814239
Cd_Au(111)                                             6    36    33             0.814239
Cd_Au(111)                                             7    36     1             0.913403
Cd_Au(111)                                             7    36    13             0.814239
Cd_Au(111)                                             7    36    17             0.538490
Cd_Au(111)                                             7    36    25             1.080215
Cd_Au(111)                                             7    36    33             0.913403
Cd_Au(111)                                             8    36    17             0.579385
Cd_Au(111)                                             9    36    17             0.579385
In_Au(111)                                             0    36    17             0.528218
In_Au(111)                                             0    36    21             0.834316
In_Au(111)                                             0    36    29             0.834316
In_Au(111)                                             0    36    33             0.831658
In_Au(111)                                             1    36    17             0.530876
In_Au(111)                                             2    36    17             0.530876
In_Au(111)                                             6    36     9             1.080215
In_Au(111)                                             6    36    13             0.860706
In_Au(111)                                             6    36    17             0.477223
In_Au(111)                                             6    36    21             0.860706
In_Au(111)                                             6    36    29             0.780663
In_Au(111)                                             6    36    33             0.780663
In_Au(111)                                             7    36     1             0.860706
In_Au(111)                                             7    36    13             0.780663
In_Au(111)                                             7    36    17             0.477223
In_Au(111)                                             7    36    25             1.080215
In_Au(111)                                             7    36    33             0.860706
In_Au(111)                                             8    36    17             0.474998
In_Au(111)                                             9    36    17             0.474998
Sn_Au(111)                                             0    36    17             0.528218
Sn_Au(111)                                             0    36    21             0.828768
Sn_Au(111)                                             0    36    29             0.828768
Sn_Au(111)                                             0    36    33             0.826110
Sn_Au(111)                                             1    36    17             0.530876
Sn_Au(111)                                             2    36    17             0.530876
Sn_Au(111)                                             6    36     9             1.080215
Sn_Au(111)                                             6    36    13             0.835359
Sn_Au(111)                                             6    36    17             0.477223
Sn_Au(111)                                             6    36    21             0.835359
Sn_Au(111)                                             6    36    29             0.775115
Sn_Au(111)                                             6    36    33             0.775115
Sn_Au(111)                                             7    36     1             0.835359
Sn_Au(111)                                             7    36    13             0.775115
Sn_Au(111)                                             7    36    17             0.477223
Sn_Au(111)                                             7    36    25             1.080215
Sn_Au(111)                                             7    36    33             0.835359
Sn_Au(111)                                             8    36    17             0.474998
Sn_Au(111)                                             9    36    17             0.474998
Hf_Au(111)                                             0    36    17             0.528218
Hf_Au(111)                                             0    36    21             0.878664
Hf_Au(111)                                             0    36    29             0.878664
Hf_Au(111)                                             0    36    33             0.876006
Hf_Au(111)                                             1    36     9             0.989132
Hf_Au(111)                                             1    36    17             0.530876
Hf_Au(111)                                             1    36    33             1.091554
Hf_Au(111)                                             2    36    13             1.091554
Hf_Au(111)                                             2    36    17             0.530876
Hf_Au(111)                                             2    36    25             0.989132
Hf_Au(111)                                             2    36    29             1.091554
Hf_Au(111)                                             6    36     9             1.080215
Hf_Au(111)                                             6    36    13             0.915554
Hf_Au(111)                                             6    36    17             0.545957
Hf_Au(111)                                             6    36    21             0.915554
Hf_Au(111)                                             6    36    29             0.893745
Hf_Au(111)                                             6    36    33             0.893745
Hf_Au(111)                                             7    36     1             0.915554
Hf_Au(111)                                             7    36    13             0.893745
Hf_Au(111)                                             7    36    17             0.545957
Hf_Au(111)                                             7    36    25             1.080215
Hf_Au(111)                                             7    36    33             0.915554
Hf_Au(111)                                             8    36    17             0.474998
Hf_Au(111)                                             9    36    17             0.474998
Ta_Au(111)                                             0    36    17             0.528218
Ta_Au(111)                                             0    36    21             0.878664
Ta_Au(111)                                             0    36    29             0.878664
Ta_Au(111)                                             0    36    33             0.876006
Ta_Au(111)                                             1    36     9             0.989132
Ta_Au(111)                                             1    36    17             0.530876
Ta_Au(111)                                             1    36    33             1.102385
Ta_Au(111)                                             2    36    13             1.102385
Ta_Au(111)                                             2    36    17             0.530876
Ta_Au(111)                                             2    36    25             0.989132
Ta_Au(111)                                             2    36    29             1.102385
Ta_Au(111)                                             6    36     9             1.049939
Ta_Au(111)                                             6    36    13             0.904397
Ta_Au(111)                                             6    36    17             0.477223
Ta_Au(111)                                             6    36    21             0.904397
Ta_Au(111)                                             6    36    29             0.825011
Ta_Au(111)                                             6    36    33             0.825011
Ta_Au(111)                                             7    36     1             0.904397
Ta_Au(111)                                             7    36    13             0.825011
Ta_Au(111)                                             7    36    17             0.477223
Ta_Au(111)                                             7    36    25             1.049939
Ta_Au(111)                                             7    36    33             0.904397
Ta_Au(111)                                             8    36    17             0.474998
Ta_Au(111)                                             9    36    17             0.474998
W_Au(111)                                              0    36    17             0.528218
W_Au(111)                                              0    36    21             0.834316
W_Au(111)                                              0    36    29             0.834316
W_Au(111)                                              0    36    33             0.831658
W_Au(111)                                              1    36    17             0.530876
W_Au(111)                                              2    36    17             0.530876
W_Au(111)                                              6    36     9             1.082760
W_Au(111)                                              6    36    13             0.882371
W_Au(111)                                              6    36    17             0.477223
W_Au(111)                                              6    36    21             0.882371
W_Au(111)                                              6    36    29             0.780663
W_Au(111)                                              6    36    33             0.780663
W_Au(111)                                              7    36     1             0.882371
W_Au(111)                                              7    36    13             0.780663
W_Au(111)                                              7    36    17             0.477223
W_Au(111)                                              7    36    25             1.082760
W_Au(111)                                              7    36    33             0.882371
W_Au(111)                                              8    36    17             0.474998
W_Au(111)                                              9    36    17             0.474998
Re_Au(111)                                             0    36    17             0.528218
Re_Au(111)                                             0    36    21             0.828768
Re_Au(111)                                             0    36    29             0.828768
Re_Au(111)                                             0    36    33             0.826110
Re_Au(111)                                             1    36    17             0.530876
Re_Au(111)                                             2    36    17             0.530876
Re_Au(111)                                             6    36     9             1.082760
Re_Au(111)                                             6    36    13             0.857024
Re_Au(111)                                             6    36    17             0.528218
Re_Au(111)                                             6    36    21             0.857024
Re_Au(111)                                             6    36    29             0.826110
Re_Au(111)                                             6    36    33             0.826110
Re_Au(111)                                             7    36     1             0.857024
Re_Au(111)                                             7    36    13             0.826110
Re_Au(111)                                             7    36    17             0.528218
Re_Au(111)                                             7    36    25             1.082760
Re_Au(111)                                             7    36    33             0.857024
Re_Au(111)                                             8    36    17             0.474998
Re_Au(111)                                             9    36    17             0.474998
Os_Au(111)                                             0    36    17             0.528218
Os_Au(111)                                             0    36    21             0.837192
Os_Au(111)                                             0    36    29             0.837192
Os_Au(111)                                             0    36    33             0.834534
Os_Au(111)                                             1    36    17             0.530876
Os_Au(111)                                             2    36    17             0.530876
Os_Au(111)                                             6    36     9             1.082760
Os_Au(111)                                             6    36    13             0.865447
Os_Au(111)                                             6    36    17             0.528218
Os_Au(111)                                             6    36    21             0.865447
Os_Au(111)                                             6    36    29             0.834534
Os_Au(111)                                             6    36    33             0.834534
Os_Au(111)                                             7    36     1             0.865447
Os_Au(111)                                             7    36    13             0.834534
Os_Au(111)                                             7    36    17             0.528218
Os_Au(111)                                             7    36    25             1.082760
Os_Au(111)                                             7    36    33             0.865447
Os_Au(111)                                             8    36    17             0.474998
Os_Au(111)                                             9    36    17             0.474998
Hg_Au(111)                                             0    36    17             0.803210
Hg_Au(111)                                             0    36    21             1.030758
Hg_Au(111)                                             0    36    29             1.030758
Hg_Au(111)                                             0    36    33             1.028100
Hg_Au(111)                                             1    36    17             0.805868
Hg_Au(111)                                             2    36    17             0.805868
Hg_Au(111)                                             6    36     9             1.080215
Hg_Au(111)                                             6    36    13             1.121842
Hg_Au(111)                                             6    36    17             0.752215
Hg_Au(111)                                             6    36    21             1.121842
Hg_Au(111)                                             6    36    29             0.977105
Hg_Au(111)                                             6    36    33             0.977105
Hg_Au(111)                                             7    36     1             1.121842
Hg_Au(111)                                             7    36    13             0.977105
Hg_Au(111)                                             7    36    17             0.752215
Hg_Au(111)                                             7    36    25             1.080215
Hg_Au(111)                                             7    36    33             1.121842
Hg_Au(111)                                             8    36    17             0.801302
Hg_Au(111)                                             9    36    17             0.801302
Tl_Au(111)                                             0    36    17             0.528218
Tl_Au(111)                                             0    36    21             0.834316
Tl_Au(111)                                             0    36    29             0.834316
Tl_Au(111)                                             0    36    33             0.831658
Tl_Au(111)                                             1    36    17             0.530876
Tl_Au(111)                                             2    36    17             0.530876
Tl_Au(111)                                             6    36     9             1.080215
Tl_Au(111)                                             6    36    13             0.860706
Tl_Au(111)                                             6    36    17             0.545957
Tl_Au(111)                                             6    36    21             0.860706
Tl_Au(111)                                             6    36    29             0.849397
Tl_Au(111)                                             6    36    33             0.849397
Tl_Au(111)                                             7    36     1             0.860706
Tl_Au(111)                                             7    36    13             0.849397
Tl_Au(111)                                             7    36    17             0.545957
Tl_Au(111)                                             7    36    25             1.080215
Tl_Au(111)                                             7    36    33             0.860706
Tl_Au(111)                                             8    36    17             0.474998
Tl_Au(111)                                             9    36    17             0.474998
Pb_Au(111)                                             0    36    17             0.477223
Pb_Au(111)                                             0    36    21             0.810313
Pb_Au(111)                                             0    36    29             0.810313
Pb_Au(111)                                             0    36    33             0.780663
Pb_Au(111)                                             1    36    17             0.530876
Pb_Au(111)                                             2    36    17             0.530876
Pb_Au(111)                                             6    36     9             1.124740
Pb_Au(111)                                             6    36    13             0.900611
Pb_Au(111)                                             6    36    17             0.545957
Pb_Au(111)                                             6    36    21             0.900611
Pb_Au(111)                                             6    36    29             0.849397
Pb_Au(111)                                             6    36    33             0.849397
Pb_Au(111)                                             7    36     1             0.900611
Pb_Au(111)                                             7    36    13             0.849397
Pb_Au(111)                                             7    36    17             0.545957
Pb_Au(111)                                             7    36    25             1.124740
Pb_Au(111)                                             7    36    33             0.900611
Pb_Au(111)                                             8    36    17             0.474998
Pb_Au(111)                                             9    36    17             0.474998
Sc_Ag(111)                                             1    36    17             0.513764
Sc_Ag(111)                                             2    36     5             0.588178
Sc_Ag(111)                                             2    36    17             0.543767
Sc_Ag(111)                                             2    36    21             0.608338
Sc_Ag(111)                                             2    36    33             0.588178
Sc_Ag(111)                                             4    36    17             0.513764
Sc_Ag(111)                                             6    36    17             0.496636
Sc_Ag(111)                                             7    36     1             0.614500
Sc_Ag(111)                                             7    36     5             0.620146
Sc_Ag(111)                                             7    36     9             0.757067
Sc_Ag(111)                                             7    36    17             0.555576
Sc_Ag(111)                                             7    36    21             0.620146
Sc_Ag(111)                                             7    36    33             0.614500
Sc_Ag(111)                                             9    36     5             0.614500
Sc_Ag(111)                                             9    36    17             0.555576
Sc_Ag(111)                                             9    36    21             0.620146
Sc_Ag(111)                                             9    36    25             0.757067
Sc_Ag(111)                                             9    36    29             0.614500
Sc_Ag(111)                                            10    36    17             0.496636
Ti_Ag(111)                                             1    36    17             0.513764
Ti_Ag(111)                                             2    36     5             0.588178
Ti_Ag(111)                                             2    36    17             0.543767
Ti_Ag(111)                                             2    36    21             0.608338
Ti_Ag(111)                                             2    36    33             0.588178
Ti_Ag(111)                                             4    36    17             0.513764
Ti_Ag(111)                                             6    36    17             0.496636
Ti_Ag(111)                                             7    36     1             0.616584
Ti_Ag(111)                                             7    36     5             0.557343
Ti_Ag(111)                                             7    36     9             0.740031
Ti_Ag(111)                                             7    36    17             0.492772
Ti_Ag(111)                                             7    36    21             0.557343
Ti_Ag(111)                                             7    36    33             0.616584
Ti_Ag(111)                                             9    36     5             0.616584
Ti_Ag(111)                                             9    36    17             0.492772
Ti_Ag(111)                                             9    36    21             0.557343
Ti_Ag(111)                                             9    36    25             0.740031
Ti_Ag(111)                                             9    36    29             0.616584
Ti_Ag(111)                                            10    36    17             0.496636
V_Ag(111)                                              1    36    17             0.513764
V_Ag(111)                                              2    36     5             0.588178
V_Ag(111)                                              2    36    17             0.761007
V_Ag(111)                                              2    36    21             0.817107
V_Ag(111)                                              2    36    33             0.588178
V_Ag(111)                                              4    36    17             0.513764
V_Ag(111)                                              6    36    17             0.496636
V_Ag(111)                                              7    36     1             0.616584
V_Ag(111)                                              7    36     5             0.608338
V_Ag(111)                                              7    36     9             0.740031
V_Ag(111)                                              7    36    17             0.543767
V_Ag(111)                                              7    36    21             0.608338
V_Ag(111)                                              7    36    33             0.616584
V_Ag(111)                                              9    36     5             0.616584
V_Ag(111)                                              9    36    17             0.543767
V_Ag(111)                                              9    36    21             0.608338
V_Ag(111)                                              9    36    25             0.740031
V_Ag(111)                                              9    36    29             0.616584
V_Ag(111)                                             10    36    17             0.496636
Cr_Ag(111)                                             1    36    17             0.513764
Cr_Ag(111)                                             2    36     5             0.596601
Cr_Ag(111)                                             2    36    17             0.773185
Cr_Ag(111)                                             2    36    21             0.837708
Cr_Ag(111)                                             2    36    33             0.596601
Cr_Ag(111)                                             4    36    17             0.513764
Cr_Ag(111)                                             6    36    17             0.496636
Cr_Ag(111)                                             7    36     1             0.625008
Cr_Ag(111)                                             7    36     5             0.616761
Cr_Ag(111)                                             7    36     9             0.740031
Cr_Ag(111)                                             7    36    17             0.543767
Cr_Ag(111)                                             7    36    21             0.616761
Cr_Ag(111)                                             7    36    33             0.625008
Cr_Ag(111)                                             9    36     5             0.625008
Cr_Ag(111)                                             9    36    17             0.543767
Cr_Ag(111)                                             9    36    21             0.616761
Cr_Ag(111)                                             9    36    25             0.740031
Cr_Ag(111)                                             9    36    29             0.625008
Cr_Ag(111)                                            10    36    17             0.496636
Mn_Ag(111)                                             1    36    17             0.513764
Mn_Ag(111)                                             2    36     5             0.596601
Mn_Ag(111)                                             2    36    17             0.773185
Mn_Ag(111)                                             2    36    21             0.837708
Mn_Ag(111)                                             2    36    33             0.596601
Mn_Ag(111)                                             4    36    17             0.513764
Mn_Ag(111)                                             6    36    17             0.496636
Mn_Ag(111)                                             7    36     1             0.625008
Mn_Ag(111)                                             7    36     5             0.616761
Mn_Ag(111)                                             7    36     9             0.740031
Mn_Ag(111)                                             7    36    17             0.543767
Mn_Ag(111)                                             7    36    21             0.616761
Mn_Ag(111)                                             7    36    33             0.625008
Mn_Ag(111)                                             9    36     5             0.625008
Mn_Ag(111)                                             9    36    17             0.543767
Mn_Ag(111)                                             9    36    21             0.616761
Mn_Ag(111)                                             9    36    25             0.740031
Mn_Ag(111)                                             9    36    29             0.625008
Mn_Ag(111)                                            10    36    17             0.496636
Fe_Ag(111)                                             1    36    17             0.531529
Fe_Ag(111)                                             2    36     5             0.605315
Fe_Ag(111)                                             2    36    17             0.790949
Fe_Ag(111)                                             2    36    21             0.846421
Fe_Ag(111)                                             2    36    33             0.605315
Fe_Ag(111)                                             4    36    17             0.531529
Fe_Ag(111)                                             6    36    17             0.514400
Fe_Ag(111)                                             7    36     1             0.633721
Fe_Ag(111)                                             7    36     5             0.625474
Fe_Ag(111)                                             7    36     9             0.740031
Fe_Ag(111)                                             7    36    17             0.561531
Fe_Ag(111)                                             7    36    21             0.625474
Fe_Ag(111)                                             7    36    33             0.633721
Fe_Ag(111)                                             9    36     5             0.633721
Fe_Ag(111)                                             9    36    17             0.561531
Fe_Ag(111)                                             9    36    21             0.625474
Fe_Ag(111)                                             9    36    25             0.740031
Fe_Ag(111)                                             9    36    29             0.633721
Fe_Ag(111)                                            10    36    17             0.514400
Co_Ag(111)                                             1    36    17             0.531529
Co_Ag(111)                                             2    36     5             0.692409
Co_Ag(111)                                             2    36    17             0.790949
Co_Ag(111)                                             2    36    21             0.933516
Co_Ag(111)                                             2    36    33             0.692409
Co_Ag(111)                                             4    36    17             0.531529
Co_Ag(111)                                             6    36    17             0.514400
Co_Ag(111)                                             7    36     1             0.779516
Co_Ag(111)                                             7    36     5             0.712569
Co_Ag(111)                                             7    36     9             0.740031
Co_Ag(111)                                             7    36    17             0.561531
Co_Ag(111)                                             7    36    21             0.712569
Co_Ag(111)                                             7    36    33             0.779516
Co_Ag(111)                                             9    36     5             0.779516
Co_Ag(111)                                             9    36    17             0.561531
Co_Ag(111)                                             9    36    21             0.712569
Co_Ag(111)                                             9    36    25             0.740031
Co_Ag(111)                                             9    36    29             0.779516
Co_Ag(111)                                            10    36    17             0.514400
Zn_Ag(111)                                             1    36    17             0.527713
Zn_Ag(111)                                             2    36     5             0.698084
Zn_Ag(111)                                             2    36    17             0.781735
Zn_Ag(111)                                             2    36    21             0.933792
Zn_Ag(111)                                             2    36    33             0.698084
Zn_Ag(111)                                             4    36    17             0.527713
Zn_Ag(111)                                             6    36    17             0.529516
Zn_Ag(111)                                             7    36     1             0.791864
Zn_Ag(111)                                             7    36     5             0.718244
Zn_Ag(111)                                             7    36     9             0.740031
Zn_Ag(111)                                             7    36    17             0.557716
Zn_Ag(111)                                             7    36    21             0.718244
Zn_Ag(111)                                             7    36    33             0.791864
Zn_Ag(111)                                             9    36     5             0.791864
Zn_Ag(111)                                             9    36    17             0.557716
Zn_Ag(111)                                             9    36    21             0.718244
Zn_Ag(111)                                             9    36    25             0.740031
Zn_Ag(111)                                             9    36    29             0.791864
Zn_Ag(111)                                            10    36    17             0.529516
Ga_Ag(111)                                             1    36    17             0.513764
Ga_Ag(111)                                             2    36     5             0.596891
Ga_Ag(111)                                             2    36    17             0.543767
Ga_Ag(111)                                             2    36    21             0.617051
Ga_Ag(111)                                             2    36    33             0.596891
Ga_Ag(111)                                             4    36    17             0.513764
Ga_Ag(111)                                             6    36    17             0.496636
Ga_Ag(111)                                             7    36     1             0.625297
Ga_Ag(111)                                             7    36     5             0.617051
Ga_Ag(111)                                             7    36     9             0.740031
Ga_Ag(111)                                             7    36    17             0.543767
Ga_Ag(111)                                             7    36    21             0.617051
Ga_Ag(111)                                             7    36    33             0.625297
Ga_Ag(111)                                             9    36     5             0.625297
Ga_Ag(111)                                             9    36    17             0.543767
Ga_Ag(111)                                             9    36    21             0.617051
Ga_Ag(111)                                             9    36    25             0.740031
Ga_Ag(111)                                             9    36    29             0.625297
Ga_Ag(111)                                            10    36    17             0.496636
Ge_Ag(111)                                             1    36    17             0.513764
Ge_Ag(111)                                             2    36     5             0.610617
Ge_Ag(111)                                             2    36    17             0.543767
Ge_Ag(111)                                             2    36    21             0.628389
Ge_Ag(111)                                             2    36    33             0.610617
Ge_Ag(111)                                             4    36    17             0.513764
Ge_Ag(111)                                             6    36    17             0.496636
Ge_Ag(111)                                             7    36     1             0.638536
Ge_Ag(111)                                             7    36     5             0.628389
Ge_Ag(111)                                             7    36     9             0.740031
Ge_Ag(111)                                             7    36    17             0.543767
Ge_Ag(111)                                             7    36    21             0.628389
Ge_Ag(111)                                             7    36    33             0.638536
Ge_Ag(111)                                             9    36     5             0.638536
Ge_Ag(111)                                             9    36    17             0.543767
Ge_Ag(111)                                             9    36    21             0.628389
Ge_Ag(111)                                             9    36    25             0.740031
Ge_Ag(111)                                             9    36    29             0.638536
Ge_Ag(111)                                            10    36    17             0.496636
Y_Ag(111)                                              1    36     5             0.608338
Y_Ag(111)                                              1    36     9             0.659615
Y_Ag(111)                                              1    36    17             0.513764
Y_Ag(111)                                              2    36     5             0.603357
Y_Ag(111)                                              2    36    17             0.555576
Y_Ag(111)                                              2    36    21             0.620146
Y_Ag(111)                                              2    36    33             0.603357
Y_Ag(111)                                              4    36    17             0.513764
Y_Ag(111)                                              4    36    21             0.608338
Y_Ag(111)                                              4    36    25             0.659615
Y_Ag(111)                                              6    36    17             0.496636
Y_Ag(111)                                              7    36     1             0.637380
Y_Ag(111)                                              7    36     5             0.605065
Y_Ag(111)                                              7    36     9             0.821041
Y_Ag(111)                                              7    36    17             0.540494
Y_Ag(111)                                              7    36    21             0.605065
Y_Ag(111)                                              7    36    33             0.637380
Y_Ag(111)                                              9    36     5             0.637380
Y_Ag(111)                                              9    36    17             0.540494
Y_Ag(111)                                              9    36    21             0.605065
Y_Ag(111)                                              9    36    25             0.821041
Y_Ag(111)                                              9    36    29             0.637380
Y_Ag(111)                                             10    36    17             0.496636
Zr_Ag(111)                                             1    36     5             0.817107
Zr_Ag(111)                                             1    36     9             0.659615
Zr_Ag(111)                                             1    36    17             0.513764
Zr_Ag(111)                                             2    36     5             0.588178
Zr_Ag(111)                                             2    36    17             0.543767
Zr_Ag(111)                                             2    36    21             0.608338
Zr_Ag(111)                                             2    36    33             0.588178
Zr_Ag(111)                                             4    36    17             0.513764
Zr_Ag(111)                                             4    36    21             0.817107
Zr_Ag(111)                                             4    36    25             0.659615
Zr_Ag(111)                                             6    36    17             0.496636
Zr_Ag(111)                                             7    36     1             0.614500
Zr_Ag(111)                                             7    36     5             0.620146
Zr_Ag(111)                                             7    36     9             0.757067
Zr_Ag(111)                                             7    36    17             0.555576
Zr_Ag(111)                                             7    36    21             0.620146
Zr_Ag(111)                                             7    36    33             0.614500
Zr_Ag(111)                                             9    36     5             0.614500
Zr_Ag(111)                                             9    36    17             0.555576
Zr_Ag(111)                                             9    36    21             0.620146
Zr_Ag(111)                                             9    36    25             0.757067
Zr_Ag(111)                                             9    36    29             0.614500
Zr_Ag(111)                                            10    36    17             0.496636
Nb_Ag(111)                                             1    36    17             0.513764
Nb_Ag(111)                                             2    36     5             0.588178
Nb_Ag(111)                                             2    36    17             0.543767
Nb_Ag(111)                                             2    36    21             0.608338
Nb_Ag(111)                                             2    36    33             0.588178
Nb_Ag(111)                                             4    36    17             0.513764
Nb_Ag(111)                                             6    36    17             0.496636
Nb_Ag(111)                                             7    36     1             0.603343
Nb_Ag(111)                                             7    36     5             0.557343
Nb_Ag(111)                                             7    36     9             0.726790
Nb_Ag(111)                                             7    36    17             0.492772
Nb_Ag(111)                                             7    36    21             0.557343
Nb_Ag(111)                                             7    36    33             0.603343
Nb_Ag(111)                                             9    36     5             0.603343
Nb_Ag(111)                                             9    36    17             0.492772
Nb_Ag(111)                                             9    36    21             0.557343
Nb_Ag(111)                                             9    36    25             0.726790
Nb_Ag(111)                                             9    36    29             0.603343
Nb_Ag(111)                                            10    36    17             0.496636
Mo_Ag(111)                                             1    36    17             0.513764
Mo_Ag(111)                                             2    36     5             0.621685
Mo_Ag(111)                                             2    36    17             0.543767
Mo_Ag(111)                                             2    36    21             0.639457
Mo_Ag(111)                                             2    36    33             0.621685
Mo_Ag(111)                                             4    36    17             0.513764
Mo_Ag(111)                                             6    36    17             0.496636
Mo_Ag(111)                                             7    36     1             0.636727
Mo_Ag(111)                                             7    36     5             0.588462
Mo_Ag(111)                                             7    36     9             0.740031
Mo_Ag(111)                                             7    36    17             0.492772
Mo_Ag(111)                                             7    36    21             0.588462
Mo_Ag(111)                                             7    36    33             0.636727
Mo_Ag(111)                                             9    36     5             0.636727
Mo_Ag(111)                                             9    36    17             0.492772
Mo_Ag(111)                                             9    36    21             0.588462
Mo_Ag(111)                                             9    36    25             0.740031
Mo_Ag(111)                                             9    36    29             0.636727
Mo_Ag(111)                                            10    36    17             0.496636
Tc_Ag(111)                                             1    36    17             0.531529
Tc_Ag(111)                                             2    36     5             0.621685
Tc_Ag(111)                                             2    36    17             0.561531
Tc_Ag(111)                                             2    36    21             0.639457
Tc_Ag(111)                                             2    36    33             0.621685
Tc_Ag(111)                                             4    36    17             0.531529
Tc_Ag(111)                                             6    36    17             0.514400
Tc_Ag(111)                                             7    36     1             0.636727
Tc_Ag(111)                                             7    36     5             0.639457
Tc_Ag(111)                                             7    36     9             0.740031
Tc_Ag(111)                                             7    36    17             0.561531
Tc_Ag(111)                                             7    36    21             0.639457
Tc_Ag(111)                                             7    36    33             0.636727
Tc_Ag(111)                                             9    36     5             0.636727
Tc_Ag(111)                                             9    36    17             0.561531
Tc_Ag(111)                                             9    36    21             0.639457
Tc_Ag(111)                                             9    36    25             0.740031
Tc_Ag(111)                                             9    36    29             0.636727
Tc_Ag(111)                                            10    36    17             0.514400
Ru_Ag(111)                                             1    36    17             0.531529
Ru_Ag(111)                                             2    36     5             0.758283
Ru_Ag(111)                                             2    36    17             0.561531
Ru_Ag(111)                                             2    36    21             0.776055
Ru_Ag(111)                                             2    36    33             0.758283
Ru_Ag(111)                                             4    36    17             0.531529
Ru_Ag(111)                                             6    36    17             0.514400
Ru_Ag(111)                                             7    36     1             0.838699
Ru_Ag(111)                                             7    36     5             0.776055
Ru_Ag(111)                                             7    36     9             0.740031
Ru_Ag(111)                                             7    36    17             0.561531
Ru_Ag(111)                                             7    36    21             0.776055
Ru_Ag(111)                                             7    36    33             0.838699
Ru_Ag(111)                                             9    36     5             0.838699
Ru_Ag(111)                                             9    36    17             0.561531
Ru_Ag(111)                                             9    36    21             0.776055
Ru_Ag(111)                                             9    36    25             0.740031
Ru_Ag(111)                                             9    36    29             0.838699
Ru_Ag(111)                                            10    36    17             0.514400
Cd_Ag(111)                                             1    36    17             0.596980
Cd_Ag(111)                                             2    36     5             0.703797
Cd_Ag(111)                                             2    36    17             0.626982
Cd_Ag(111)                                             2    36    21             0.723957
Cd_Ag(111)                                             2    36    33             0.703797
Cd_Ag(111)                                             4    36    17             0.596980
Cd_Ag(111)                                             6    36    17             0.598782
Cd_Ag(111)                                             7    36     1             0.784336
Cd_Ag(111)                                             7    36     5             0.672962
Cd_Ag(111)                                             7    36     9             0.726790
Cd_Ag(111)                                             7    36    17             0.575987
Cd_Ag(111)                                             7    36    21             0.672962
Cd_Ag(111)                                             7    36    33             0.814612
Cd_Ag(111)                                             9    36     5             0.784336
Cd_Ag(111)                                             9    36    17             0.575987
Cd_Ag(111)                                             9    36    21             0.672962
Cd_Ag(111)                                             9    36    25             0.726790
Cd_Ag(111)                                             9    36    29             0.814612
Cd_Ag(111)                                            10    36    17             0.598782
In_Ag(111)                                             1    36    17             0.513764
In_Ag(111)                                             2    36     5             0.596891
In_Ag(111)                                             2    36    17             0.543767
In_Ag(111)                                             2    36    21             0.617051
In_Ag(111)                                             2    36    33             0.596891
In_Ag(111)                                             4    36    17             0.513764
In_Ag(111)                                             6    36    17             0.496636
In_Ag(111)                                             7    36     1             0.623213
In_Ag(111)                                             7    36     5             0.566056
In_Ag(111)                                             7    36     9             0.757067
In_Ag(111)                                             7    36    17             0.492772
In_Ag(111)                                             7    36    21             0.566056
In_Ag(111)                                             7    36    33             0.623213
In_Ag(111)                                             9    36     5             0.623213
In_Ag(111)                                             9    36    17             0.492772
In_Ag(111)                                             9    36    21             0.566056
In_Ag(111)                                             9    36    25             0.757067
In_Ag(111)                                             9    36    29             0.623213
In_Ag(111)                                            10    36    17             0.496636
Sn_Ag(111)                                             1    36    17             0.513764
Sn_Ag(111)                                             2    36     5             0.563022
Sn_Ag(111)                                             2    36    17             0.543767
Sn_Ag(111)                                             2    36    21             0.580795
Sn_Ag(111)                                             2    36    33             0.563022
Sn_Ag(111)                                             4    36    17             0.513764
Sn_Ag(111)                                             6    36    17             0.496636
Sn_Ag(111)                                             7    36     1             0.588859
Sn_Ag(111)                                             7    36     5             0.529800
Sn_Ag(111)                                             7    36     9             0.757067
Sn_Ag(111)                                             7    36    17             0.492772
Sn_Ag(111)                                             7    36    21             0.529800
Sn_Ag(111)                                             7    36    33             0.588859
Sn_Ag(111)                                             9    36     5             0.588859
Sn_Ag(111)                                             9    36    17             0.492772
Sn_Ag(111)                                             9    36    21             0.529800
Sn_Ag(111)                                             9    36    25             0.757067
Sn_Ag(111)                                             9    36    29             0.588859
Sn_Ag(111)                                            10    36    17             0.496636
Hf_Ag(111)                                             1    36     5             0.817107
Hf_Ag(111)                                             1    36     9             0.659615
Hf_Ag(111)                                             1    36    17             0.513764
Hf_Ag(111)                                             2    36     5             0.588178
Hf_Ag(111)                                             2    36    17             0.543767
Hf_Ag(111)                                             2    36    21             0.608338
Hf_Ag(111)                                             2    36    33             0.588178
Hf_Ag(111)                                             4    36    17             0.513764
Hf_Ag(111)                                             4    36    21             0.817107
Hf_Ag(111)                                             4    36    25             0.659615
Hf_Ag(111)                                             6    36    17             0.496636
Hf_Ag(111)                                             7    36     1             0.614500
Hf_Ag(111)                                             7    36     5             0.620146
Hf_Ag(111)                                             7    36     9             0.757067
Hf_Ag(111)                                             7    36    17             0.555576
Hf_Ag(111)                                             7    36    21             0.620146
Hf_Ag(111)                                             7    36    33             0.614500
Hf_Ag(111)                                             9    36     5             0.614500
Hf_Ag(111)                                             9    36    17             0.555576
Hf_Ag(111)                                             9    36    21             0.620146
Hf_Ag(111)                                             9    36    25             0.757067
Hf_Ag(111)                                             9    36    29             0.614500
Hf_Ag(111)                                            10    36    17             0.496636
Ta_Ag(111)                                             1    36     5             0.829285
Ta_Ag(111)                                             1    36     9             0.659615
Ta_Ag(111)                                             1    36    17             0.513764
Ta_Ag(111)                                             2    36     5             0.588178
Ta_Ag(111)                                             2    36    17             0.543767
Ta_Ag(111)                                             2    36    21             0.608338
Ta_Ag(111)                                             2    36    33             0.588178
Ta_Ag(111)                                             4    36    17             0.513764
Ta_Ag(111)                                             4    36    21             0.829285
Ta_Ag(111)                                             4    36    25             0.659615
Ta_Ag(111)                                             6    36    17             0.496636
Ta_Ag(111)                                             7    36     1             0.603343
Ta_Ag(111)                                             7    36     5             0.557343
Ta_Ag(111)                                             7    36     9             0.726790
Ta_Ag(111)                                             7    36    17             0.492772
Ta_Ag(111)                                             7    36    21             0.557343
Ta_Ag(111)                                             7    36    33             0.603343
Ta_Ag(111)                                             9    36     5             0.603343
Ta_Ag(111)                                             9    36    17             0.492772
Ta_Ag(111)                                             9    36    21             0.557343
Ta_Ag(111)                                             9    36    25             0.726790
Ta_Ag(111)                                             9    36    29             0.603343
Ta_Ag(111)                                            10    36    17             0.496636
W_Ag(111)                                              1    36    17             0.513764
W_Ag(111)                                              2    36     5             0.596601
W_Ag(111)                                              2    36    17             0.543767
W_Ag(111)                                              2    36    21             0.616761
W_Ag(111)                                              2    36    33             0.596601
W_Ag(111)                                              4    36    17             0.513764
W_Ag(111)                                              6    36    17             0.496636
W_Ag(111)                                              7    36     1             0.625008
W_Ag(111)                                              7    36     5             0.565766
W_Ag(111)                                              7    36     9             0.740031
W_Ag(111)                                              7    36    17             0.492772
W_Ag(111)                                              7    36    21             0.565766
W_Ag(111)                                              7    36    33             0.625008
W_Ag(111)                                              9    36     5             0.625008
W_Ag(111)                                              9    36    17             0.492772
W_Ag(111)                                              9    36    21             0.565766
W_Ag(111)                                              9    36    25             0.740031
W_Ag(111)                                              9    36    29             0.625008
W_Ag(111)                                             10    36    17             0.496636
Re_Ag(111)                                             1    36    17             0.513764
Re_Ag(111)                                             2    36     5             0.590927
Re_Ag(111)                                             2    36    17             0.543767
Re_Ag(111)                                             2    36    21             0.611087
Re_Ag(111)                                             2    36    33             0.590927
Re_Ag(111)                                             4    36    17             0.513764
Re_Ag(111)                                             6    36    17             0.496636
Re_Ag(111)                                             7    36     1             0.612660
Re_Ag(111)                                             7    36     5             0.611087
Re_Ag(111)                                             7    36     9             0.740031
Re_Ag(111)                                             7    36    17             0.543767
Re_Ag(111)                                             7    36    21             0.611087
Re_Ag(111)                                             7    36    33             0.612660
Re_Ag(111)                                             9    36     5             0.612660
Re_Ag(111)                                             9    36    17             0.543767
Re_Ag(111)                                             9    36    21             0.611087
Re_Ag(111)                                             9    36    25             0.740031
Re_Ag(111)                                             9    36    29             0.612660
Re_Ag(111)                                            10    36    17             0.496636
Os_Ag(111)                                             1    36    17             0.531529
Os_Ag(111)                                             2    36     5             0.758283
Os_Ag(111)                                             2    36    17             0.561531
Os_Ag(111)                                             2    36    21             0.776055
Os_Ag(111)                                             2    36    33             0.758283
Os_Ag(111)                                             4    36    17             0.531529
Os_Ag(111)                                             6    36    17             0.514400
Os_Ag(111)                                             7    36     1             0.838699
Os_Ag(111)                                             7    36     5             0.776055
Os_Ag(111)                                             7    36     9             0.740031
Os_Ag(111)                                             7    36    17             0.561531
Os_Ag(111)                                             7    36    21             0.776055
Os_Ag(111)                                             7    36    33             0.838699
Os_Ag(111)                                             9    36     5             0.838699
Os_Ag(111)                                             9    36    17             0.561531
Os_Ag(111)                                             9    36    21             0.776055
Os_Ag(111)                                             9    36    25             0.740031
Os_Ag(111)                                             9    36    29             0.838699
Os_Ag(111)                                            10    36    17             0.514400
Hg_Ag(111)                                             1    36    17             0.770087
Hg_Ag(111)                                             2    36     5             0.692409
Hg_Ag(111)                                             2    36    17             0.800090
Hg_Ag(111)                                             2    36    21             0.712569
Hg_Ag(111)                                             2    36    33             0.692409
Hg_Ag(111)                                             4    36    17             0.770087
Hg_Ag(111)                                             6    36    17             0.785179
Hg_Ag(111)                                             7    36     1             0.796553
Hg_Ag(111)                                             7    36     5             0.661574
Hg_Ag(111)                                             7    36     9             0.757067
Hg_Ag(111)                                             7    36    17             0.749095
Hg_Ag(111)                                             7    36    21             0.661574
Hg_Ag(111)                                             7    36    33             0.796553
Hg_Ag(111)                                             9    36     5             0.796553
Hg_Ag(111)                                             9    36    17             0.749095
Hg_Ag(111)                                             9    36    21             0.661574
Hg_Ag(111)                                             9    36    25             0.757067
Hg_Ag(111)                                             9    36    29             0.796553
Hg_Ag(111)                                            10    36    17             0.785179
Tl_Ag(111)                                             1    36    17             0.513764
Tl_Ag(111)                                             2    36     5             0.596891
Tl_Ag(111)                                             2    36    17             0.543767
Tl_Ag(111)                                             2    36    21             0.617051
Tl_Ag(111)                                             2    36    33             0.596891
Tl_Ag(111)                                             4    36    17             0.513764
Tl_Ag(111)                                             6    36    17             0.496636
Tl_Ag(111)                                             7    36     1             0.623213
Tl_Ag(111)                                             7    36     5             0.628859
Tl_Ag(111)                                             7    36     9             0.757067
Tl_Ag(111)                                             7    36    17             0.555576
Tl_Ag(111)                                             7    36    21             0.628859
Tl_Ag(111)                                             7    36    33             0.623213
Tl_Ag(111)                                             9    36     5             0.623213
Tl_Ag(111)                                             9    36    17             0.555576
Tl_Ag(111)                                             9    36    21             0.628859
Tl_Ag(111)                                             9    36    25             0.757067
Tl_Ag(111)                                             9    36    29             0.623213
Tl_Ag(111)                                            10    36    17             0.496636
Pb_Ag(111)                                             1    36    17             0.513764
Pb_Ag(111)                                             2    36     5             0.572888
Pb_Ag(111)                                             2    36    17             0.492772
Pb_Ag(111)                                             2    36    21             0.566056
Pb_Ag(111)                                             2    36    33             0.572888
Pb_Ag(111)                                             4    36    17             0.513764
Pb_Ag(111)                                             6    36    17             0.496636
Pb_Ag(111)                                             7    36     1             0.682568
Pb_Ag(111)                                             7    36     5             0.628859
Pb_Ag(111)                                             7    36     9             0.821041
Pb_Ag(111)                                             7    36    17             0.555576
Pb_Ag(111)                                             7    36    21             0.628859
Pb_Ag(111)                                             7    36    33             0.682568
Pb_Ag(111)                                             9    36     5             0.682568
Pb_Ag(111)                                             9    36    17             0.555576
Pb_Ag(111)                                             9    36    21             0.628859
Pb_Ag(111)                                             9    36    25             0.821041
Pb_Ag(111)                                             9    36    29             0.682568
Pb_Ag(111)                                            10    36    17             0.496636
Sc_Cu(111)                                             0    36    17             0.540892
Sc_Cu(111)                                             1    36     1             0.623848
Sc_Cu(111)                                             1    36     5             0.892559
Sc_Cu(111)                                             1    36     9             0.719815
Sc_Cu(111)                                             1    36    13             0.623848
Sc_Cu(111)                                             1    36    17             0.531416
Sc_Cu(111)                                             1    36    21             0.892559
Sc_Cu(111)                                             1    36    29             0.623848
Sc_Cu(111)                                             1    36    33             0.623848
Sc_Cu(111)                                             2    36     1             0.595442
Sc_Cu(111)                                             2    36     5             0.892559
Sc_Cu(111)                                             2    36     9             0.813594
Sc_Cu(111)                                             2    36    13             0.623848
Sc_Cu(111)                                             2    36    17             0.828534
Sc_Cu(111)                                             2    36    21             0.595442
Sc_Cu(111)                                             2    36    25             0.813594
Sc_Cu(111)                                             2    36    33             0.623848
Sc_Cu(111)                                             3    36     1             0.892559
Sc_Cu(111)                                             3    36     5             0.892559
Sc_Cu(111)                                             3    36    13             0.623848
Sc_Cu(111)                                             3    36    17             0.531416
Sc_Cu(111)                                             3    36    21             0.623848
Sc_Cu(111)                                             3    36    25             0.719815
Sc_Cu(111)                                             3    36    29             0.623848
Sc_Cu(111)                                             3    36    33             0.623848
Sc_Cu(111)                                             4    36    17             0.540892
Sc_Cu(111)                                             5    36    17             0.701871
Sc_Cu(111)                                             6    36    17             0.527665
Sc_Cu(111)                                             7    36     1             0.632486
Sc_Cu(111)                                             7    36     5             0.598714
Sc_Cu(111)                                             7    36     9             0.610443
Sc_Cu(111)                                             7    36    17             0.534689
Sc_Cu(111)                                             7    36    21             0.598714
Sc_Cu(111)                                             7    36    33             0.486070
Sc_Cu(111)                                             8    36    17             0.527665
Sc_Cu(111)                                            11    36     1             0.598714
Sc_Cu(111)                                            11    36     5             0.598714
Sc_Cu(111)                                            11    36    13             0.632486
Sc_Cu(111)                                            11    36    17             0.534689
Sc_Cu(111)                                            11    36    21             0.486070
Sc_Cu(111)                                            11    36    25             0.756860
Ti_Cu(111)                                             0    36    17             0.540892
Ti_Cu(111)                                             1    36     1             0.623848
Ti_Cu(111)                                             1    36     5             0.892559
Ti_Cu(111)                                             1    36     9             0.719815
Ti_Cu(111)                                             1    36    13             0.623848
Ti_Cu(111)                                             1    36    17             0.531416
Ti_Cu(111)                                             1    36    21             0.892559
Ti_Cu(111)                                             1    36    29             0.623848
Ti_Cu(111)                                             1    36    33             0.623848
Ti_Cu(111)                                             2    36     1             0.595442
Ti_Cu(111)                                             2    36     5             0.892559
Ti_Cu(111)                                             2    36     9             0.813594
Ti_Cu(111)                                             2    36    13             0.623848
Ti_Cu(111)                                             2    36    17             0.828534
Ti_Cu(111)                                             2    36    21             0.595442
Ti_Cu(111)                                             2    36    25             0.748221
Ti_Cu(111)                                             2    36    33             0.623848
Ti_Cu(111)                                             3    36     1             0.892559
Ti_Cu(111)                                             3    36     5             0.892559
Ti_Cu(111)                                             3    36    13             0.623848
Ti_Cu(111)                                             3    36    17             0.531416
Ti_Cu(111)                                             3    36    21             0.623848
Ti_Cu(111)                                             3    36    25             0.719815
Ti_Cu(111)                                             3    36    29             0.623848
Ti_Cu(111)                                             3    36    33             0.623848
Ti_Cu(111)                                             4    36    17             0.540892
Ti_Cu(111)                                             5    36    17             0.701871
Ti_Cu(111)                                             6    36    17             0.527665
Ti_Cu(111)                                             7    36     1             0.610621
Ti_Cu(111)                                             7    36     5             0.598714
Ti_Cu(111)                                             7    36     9             0.756860
Ti_Cu(111)                                             7    36    17             0.534689
Ti_Cu(111)                                             7    36    21             0.598714
Ti_Cu(111)                                             7    36    33             0.632486
Ti_Cu(111)                                             8    36    17             0.527665
Ti_Cu(111)                                            11    36     1             0.598714
Ti_Cu(111)                                            11    36     5             0.598714
Ti_Cu(111)                                            11    36    13             0.610621
Ti_Cu(111)                                            11    36    17             0.534689
Ti_Cu(111)                                            11    36    21             0.632486
Ti_Cu(111)                                            11    36    25             0.734994
V_Cu(111)                                              0    36    17             0.540892
V_Cu(111)                                              1    36     1             0.623848
V_Cu(111)                                              1    36     5             0.892559
V_Cu(111)                                              1    36     9             0.719815
V_Cu(111)                                              1    36    13             0.623848
V_Cu(111)                                              1    36    17             0.531416
V_Cu(111)                                              1    36    21             0.892559
V_Cu(111)                                              1    36    25             1.034788
V_Cu(111)                                              1    36    29             0.623848
V_Cu(111)                                              1    36    33             0.623848
V_Cu(111)                                              2    36     1             0.595442
V_Cu(111)                                              2    36     5             0.892559
V_Cu(111)                                              2    36     9             0.748221
V_Cu(111)                                              2    36    13             0.623848
V_Cu(111)                                              2    36    17             0.828534
V_Cu(111)                                              2    36    21             0.595442
V_Cu(111)                                              2    36    25             0.748221
V_Cu(111)                                              2    36    29             0.784827
V_Cu(111)                                              2    36    33             0.623848
V_Cu(111)                                              3    36     1             0.892559
V_Cu(111)                                              3    36     5             0.892559
V_Cu(111)                                              3    36     9             1.034788
V_Cu(111)                                              3    36    13             0.623848
V_Cu(111)                                              3    36    17             0.531416
V_Cu(111)                                              3    36    21             0.623848
V_Cu(111)                                              3    36    25             0.719815
V_Cu(111)                                              3    36    29             0.623848
V_Cu(111)                                              3    36    33             0.623848
V_Cu(111)                                              4    36    17             0.540892
V_Cu(111)                                              5    36    17             0.701871
V_Cu(111)                                              6    36    17             0.527665
V_Cu(111)                                              7    36     1             0.610621
V_Cu(111)                                              7    36     5             0.822733
V_Cu(111)                                              7    36     9             0.734994
V_Cu(111)                                              7    36    17             0.764107
V_Cu(111)                                              7    36    21             0.822733
V_Cu(111)                                              7    36    33             0.610621
V_Cu(111)                                              8    36    17             0.527665
V_Cu(111)                                             11    36     1             0.828132
V_Cu(111)                                             11    36     5             0.822733
V_Cu(111)                                             11    36    13             0.610621
V_Cu(111)                                             11    36    17             0.758708
V_Cu(111)                                             11    36    21             0.610621
V_Cu(111)                                             11    36    25             0.734994
Cr_Cu(111)                                             0    36    17             0.540892
Cr_Cu(111)                                             1    36     1             0.648643
Cr_Cu(111)                                             1    36     5             0.917354
Cr_Cu(111)                                             1    36     9             0.719815
Cr_Cu(111)                                             1    36    13             0.648643
Cr_Cu(111)                                             1    36    17             0.531416
Cr_Cu(111)                                             1    36    21             0.917354
Cr_Cu(111)                                             1    36    25             1.034788
Cr_Cu(111)                                             1    36    29             0.648643
Cr_Cu(111)                                             1    36    33             0.648643
Cr_Cu(111)                                             2    36     1             0.620236
Cr_Cu(111)                                             2    36     5             0.917354
Cr_Cu(111)                                             2    36     9             0.748221
Cr_Cu(111)                                             2    36    13             0.648643
Cr_Cu(111)                                             2    36    17             0.828534
Cr_Cu(111)                                             2    36    21             0.620236
Cr_Cu(111)                                             2    36    25             0.748221
Cr_Cu(111)                                             2    36    29             0.828742
Cr_Cu(111)                                             2    36    33             0.648643
Cr_Cu(111)                                             3    36     1             0.917354
Cr_Cu(111)                                             3    36     5             0.917354
Cr_Cu(111)                                             3    36     9             1.034788
Cr_Cu(111)                                             3    36    13             0.648643
Cr_Cu(111)                                             3    36    17             0.531416
Cr_Cu(111)                                             3    36    21             0.648643
Cr_Cu(111)                                             3    36    25             0.719815
Cr_Cu(111)                                             3    36    29             0.648643
Cr_Cu(111)                                             3    36    33             0.648643
Cr_Cu(111)                                             4    36    17             0.540892
Cr_Cu(111)                                             5    36    17             0.701871
Cr_Cu(111)                                             6    36    17             0.527665
Cr_Cu(111)                                             7    36     1             0.635415
Cr_Cu(111)                                             7    36     5             0.852927
Cr_Cu(111)                                             7    36     9             0.734994
Cr_Cu(111)                                             7    36    17             0.764107
Cr_Cu(111)                                             7    36    21             0.852927
Cr_Cu(111)                                             7    36    33             0.635415
Cr_Cu(111)                                             8    36    17             0.527665
Cr_Cu(111)                                            11    36     1             0.852927
Cr_Cu(111)                                            11    36     5             0.852927
Cr_Cu(111)                                            11    36    13             0.635415
Cr_Cu(111)                                            11    36    17             0.764107
Cr_Cu(111)                                            11    36    21             0.635415
Cr_Cu(111)                                            11    36    25             0.734994
Mn_Cu(111)                                             0    36    17             0.540892
Mn_Cu(111)                                             1    36     1             0.648643
Mn_Cu(111)                                             1    36     5             0.917354
Mn_Cu(111)                                             1    36     9             0.719815
Mn_Cu(111)                                             1    36    13             0.648643
Mn_Cu(111)                                             1    36    17             0.531416
Mn_Cu(111)                                             1    36    21             0.917354
Mn_Cu(111)                                             1    36    25             1.034788
Mn_Cu(111)                                             1    36    29             0.648643
Mn_Cu(111)                                             1    36    33             0.648643
Mn_Cu(111)                                             2    36     1             0.620236
Mn_Cu(111)                                             2    36     5             0.917354
Mn_Cu(111)                                             2    36     9             0.748221
Mn_Cu(111)                                             2    36    13             0.648643
Mn_Cu(111)                                             2    36    17             0.828534
Mn_Cu(111)                                             2    36    21             0.620236
Mn_Cu(111)                                             2    36    25             0.748221
Mn_Cu(111)                                             2    36    29             0.828742
Mn_Cu(111)                                             2    36    33             0.648643
Mn_Cu(111)                                             3    36     1             0.917354
Mn_Cu(111)                                             3    36     5             0.917354
Mn_Cu(111)                                             3    36     9             1.034788
Mn_Cu(111)                                             3    36    13             0.648643
Mn_Cu(111)                                             3    36    17             0.531416
Mn_Cu(111)                                             3    36    21             0.648643
Mn_Cu(111)                                             3    36    25             0.719815
Mn_Cu(111)                                             3    36    29             0.648643
Mn_Cu(111)                                             3    36    33             0.648643
Mn_Cu(111)                                             4    36    17             0.540892
Mn_Cu(111)                                             5    36    17             0.701871
Mn_Cu(111)                                             6    36    17             0.527665
Mn_Cu(111)                                             7    36     1             0.635415
Mn_Cu(111)                                             7    36     5             0.852927
Mn_Cu(111)                                             7    36     9             0.734994
Mn_Cu(111)                                             7    36    17             0.764107
Mn_Cu(111)                                             7    36    21             0.852927
Mn_Cu(111)                                             7    36    33             0.635415
Mn_Cu(111)                                             8    36    17             0.527665
Mn_Cu(111)                                            11    36     1             0.852927
Mn_Cu(111)                                            11    36     5             0.852927
Mn_Cu(111)                                            11    36    13             0.635415
Mn_Cu(111)                                            11    36    17             0.764107
Mn_Cu(111)                                            11    36    21             0.635415
Mn_Cu(111)                                            11    36    25             0.734994
Fe_Cu(111)                                             0    36    17             0.558656
Fe_Cu(111)                                             1    36    17             0.549181
Fe_Cu(111)                                             2    36     1             0.620236
Fe_Cu(111)                                             2    36     5             0.917354
Fe_Cu(111)                                             2    36     9             0.748221
Fe_Cu(111)                                             2    36    13             0.648643
Fe_Cu(111)                                             2    36    17             0.846299
Fe_Cu(111)                                             2    36    21             0.620236
Fe_Cu(111)                                             2    36    25             0.748221
Fe_Cu(111)                                             2    36    29             0.853561
Fe_Cu(111)                                             2    36    33             0.648643
Fe_Cu(111)                                             3    36    17             0.549181
Fe_Cu(111)                                             4    36    17             0.558656
Fe_Cu(111)                                             5    36    17             0.719636
Fe_Cu(111)                                             6    36    17             0.545429
Fe_Cu(111)                                             7    36     1             0.635415
Fe_Cu(111)                                             7    36     5             0.852927
Fe_Cu(111)                                             7    36     9             0.734994
Fe_Cu(111)                                             7    36    17             0.781872
Fe_Cu(111)                                             7    36    21             0.852927
Fe_Cu(111)                                             7    36    33             0.635415
Fe_Cu(111)                                             8    36    17             0.545429
Fe_Cu(111)                                            11    36     1             0.852927
Fe_Cu(111)                                            11    36     5             0.852927
Fe_Cu(111)                                            11    36    13             0.635415
Fe_Cu(111)                                            11    36    17             0.781872
Fe_Cu(111)                                            11    36    21             0.635415
Fe_Cu(111)                                            11    36    25             0.734994
Co_Cu(111)                                             0    36    17             0.558656
Co_Cu(111)                                             1    36    17             0.549181
Co_Cu(111)                                             2    36     1             0.721719
Co_Cu(111)                                             2    36     5             1.018837
Co_Cu(111)                                             2    36     9             0.748221
Co_Cu(111)                                             2    36    13             0.750125
Co_Cu(111)                                             2    36    17             0.846299
Co_Cu(111)                                             2    36    21             0.721719
Co_Cu(111)                                             2    36    25             0.748221
Co_Cu(111)                                             2    36    29             1.020417
Co_Cu(111)                                             2    36    33             0.750125
Co_Cu(111)                                             3    36    17             0.549181
Co_Cu(111)                                             4    36    17             0.558656
Co_Cu(111)                                             5    36    17             0.719636
Co_Cu(111)                                             6    36    17             0.545429
Co_Cu(111)                                             7    36     1             0.736898
Co_Cu(111)                                             7    36     5             0.954410
Co_Cu(111)                                             7    36     9             0.734994
Co_Cu(111)                                             7    36    17             0.781872
Co_Cu(111)                                             7    36    21             0.954410
Co_Cu(111)                                             7    36    33             0.736898
Co_Cu(111)                                             8    36    17             0.545429
Co_Cu(111)                                            11    36     1             0.954410
Co_Cu(111)                                            11    36     5             0.954410
Co_Cu(111)                                            11    36    13             0.736898
Co_Cu(111)                                            11    36    17             0.781872
Co_Cu(111)                                            11    36    21             0.736898
Co_Cu(111)                                            11    36    25             0.734994
Zn_Cu(111)                                             0    36    17             0.604171
Zn_Cu(111)                                             1    36    17             0.575765
Zn_Cu(111)                                             2    36     1             0.721719
Zn_Cu(111)                                             2    36     5             1.018837
Zn_Cu(111)                                             2    36     9             0.748221
Zn_Cu(111)                                             2    36    13             0.750125
Zn_Cu(111)                                             2    36    17             0.872882
Zn_Cu(111)                                             2    36    21             0.721719
Zn_Cu(111)                                             2    36    25             0.748221
Zn_Cu(111)                                             2    36    29             1.020417
Zn_Cu(111)                                             2    36    33             0.750125
Zn_Cu(111)                                             3    36    17             0.575765
Zn_Cu(111)                                             4    36    17             0.604171
Zn_Cu(111)                                             5    36    17             0.784270
Zn_Cu(111)                                             6    36    17             0.590944
Zn_Cu(111)                                             7    36     1             0.736898
Zn_Cu(111)                                             7    36     5             0.954410
Zn_Cu(111)                                             7    36     9             0.734994
Zn_Cu(111)                                             7    36    17             0.808455
Zn_Cu(111)                                             7    36    21             0.954410
Zn_Cu(111)                                             7    36    33             0.736898
Zn_Cu(111)                                             8    36    17             0.590944
Zn_Cu(111)                                            11    36     1             0.954410
Zn_Cu(111)                                            11    36     5             0.954410
Zn_Cu(111)                                            11    36    13             0.736898
Zn_Cu(111)                                            11    36    17             0.808455
Zn_Cu(111)                                            11    36    21             0.736898
Zn_Cu(111)                                            11    36    25             0.734994
Ga_Cu(111)                                             0    36    17             0.540892
Ga_Cu(111)                                             1    36    17             0.531416
Ga_Cu(111)                                             2    36     1             0.595442
Ga_Cu(111)                                             2    36     5             0.892559
Ga_Cu(111)                                             2    36     9             0.748221
Ga_Cu(111)                                             2    36    13             0.623848
Ga_Cu(111)                                             2    36    17             0.828534
Ga_Cu(111)                                             2    36    21             0.595442
Ga_Cu(111)                                             2    36    25             0.748221
Ga_Cu(111)                                             2    36    33             0.623848
Ga_Cu(111)                                             3    36    17             0.531416
Ga_Cu(111)                                             4    36    17             0.540892
Ga_Cu(111)                                             5    36    17             0.701871
Ga_Cu(111)                                             6    36    17             0.527665
Ga_Cu(111)                                             7    36     1             0.610621
Ga_Cu(111)                                             7    36     5             0.815955
Ga_Cu(111)                                             7    36     9             0.734994
Ga_Cu(111)                                             7    36    17             0.751929
Ga_Cu(111)                                             7    36    21             0.815955
Ga_Cu(111)                                             7    36    33             0.610621
Ga_Cu(111)                                             8    36    17             0.527665
Ga_Cu(111)                                            11    36     1             0.822733
Ga_Cu(111)                                            11    36     5             0.815955
Ga_Cu(111)                                            11    36    13             0.610621
Ga_Cu(111)                                            11    36    17             0.751929
Ga_Cu(111)                                            11    36    21             0.610621
Ga_Cu(111)                                            11    36    25             0.734994
Ge_Cu(111)                                             0    36    17             0.540892
Ge_Cu(111)                                             1    36    17             0.531416
Ge_Cu(111)                                             2    36     1             0.604155
Ge_Cu(111)                                             2    36     5             0.901272
Ge_Cu(111)                                             2    36     9             0.748221
Ge_Cu(111)                                             2    36    13             0.632561
Ge_Cu(111)                                             2    36    17             0.828534
Ge_Cu(111)                                             2    36    21             0.604155
Ge_Cu(111)                                             2    36    25             0.748221
Ge_Cu(111)                                             2    36    33             0.632561
Ge_Cu(111)                                             3    36    17             0.531416
Ge_Cu(111)                                             4    36    17             0.540892
Ge_Cu(111)                                             5    36    17             0.701871
Ge_Cu(111)                                             6    36    17             0.527665
Ge_Cu(111)                                             7    36     1             0.619334
Ge_Cu(111)                                             7    36     5             0.831446
Ge_Cu(111)                                             7    36     9             0.734994
Ge_Cu(111)                                             7    36    17             0.758708
Ge_Cu(111)                                             7    36    21             0.831446
Ge_Cu(111)                                             7    36    33             0.619334
Ge_Cu(111)                                             8    36    17             0.527665
Ge_Cu(111)                                            11    36     1             0.831446
Ge_Cu(111)                                            11    36     5             0.831446
Ge_Cu(111)                                            11    36    13             0.619334
Ge_Cu(111)                                            11    36    17             0.758708
Ge_Cu(111)                                            11    36    21             0.619334
Ge_Cu(111)                                            11    36    25             0.734994
Y_Cu(111)                                              0    36    17             0.540892
Y_Cu(111)                                              1    36     1             0.610608
Y_Cu(111)                                              1    36     5             0.828132
Y_Cu(111)                                              1    36     9             0.719815
Y_Cu(111)                                              1    36    13             0.610608
Y_Cu(111)                                              1    36    17             0.531416
Y_Cu(111)                                              1    36    21             0.828132
Y_Cu(111)                                              1    36    29             0.610608
Y_Cu(111)                                              1    36    33             0.610608
Y_Cu(111)                                              2    36     1             0.595442
Y_Cu(111)                                              2    36     5             0.828132
Y_Cu(111)                                              2    36     9             0.800354
Y_Cu(111)                                              2    36    13             0.610608
Y_Cu(111)                                              2    36    17             0.764107
Y_Cu(111)                                              2    36    21             0.595442
Y_Cu(111)                                              2    36    25             0.800354
Y_Cu(111)                                              2    36    33             0.610608
Y_Cu(111)                                              3    36     1             0.828132
Y_Cu(111)                                              3    36     5             0.828132
Y_Cu(111)                                              3    36    13             0.610608
Y_Cu(111)                                              3    36    17             0.531416
Y_Cu(111)                                              3    36    21             0.610608
Y_Cu(111)                                              3    36    25             0.719815
Y_Cu(111)                                              3    36    29             0.610608
Y_Cu(111)                                              3    36    33             0.610608
Y_Cu(111)                                              4    36    17             0.540892
Y_Cu(111)                                              5    36    17             0.701871
Y_Cu(111)                                              6    36    17             0.527665
Y_Cu(111)                                              7    36     1             0.646198
Y_Cu(111)                                              7    36     5             0.547719
Y_Cu(111)                                              7    36     9             0.770572
Y_Cu(111)                                              7    36    17             0.483694
Y_Cu(111)                                              7    36    21             0.547719
Y_Cu(111)                                              7    36    33             0.646198
Y_Cu(111)                                              8    36    17             0.527665
Y_Cu(111)                                             11    36     1             0.547719
Y_Cu(111)                                             11    36     5             0.547719
Y_Cu(111)                                             11    36    13             0.646198
Y_Cu(111)                                             11    36    17             0.483694
Y_Cu(111)                                             11    36    21             0.646198
Y_Cu(111)                                             11    36    25             0.770572
Zr_Cu(111)                                             0    36    17             0.540892
Zr_Cu(111)                                             1    36     1             0.623848
Zr_Cu(111)                                             1    36     5             0.892559
Zr_Cu(111)                                             1    36     9             0.719815
Zr_Cu(111)                                             1    36    13             0.623848
Zr_Cu(111)                                             1    36    17             0.531416
Zr_Cu(111)                                             1    36    21             0.892559
Zr_Cu(111)                                             1    36    29             0.623848
Zr_Cu(111)                                             1    36    33             0.623848
Zr_Cu(111)                                             2    36     1             0.595442
Zr_Cu(111)                                             2    36     5             0.892559
Zr_Cu(111)                                             2    36     9             0.813594
Zr_Cu(111)                                             2    36    13             0.623848
Zr_Cu(111)                                             2    36    17             0.828534
Zr_Cu(111)                                             2    36    21             0.595442
Zr_Cu(111)                                             2    36    25             0.813594
Zr_Cu(111)                                             2    36    33             0.623848
Zr_Cu(111)                                             3    36     1             0.892559
Zr_Cu(111)                                             3    36     5             0.892559
Zr_Cu(111)                                             3    36    13             0.623848
Zr_Cu(111)                                             3    36    17             0.531416
Zr_Cu(111)                                             3    36    21             0.623848
Zr_Cu(111)                                             3    36    25             0.719815
Zr_Cu(111)                                             3    36    29             0.623848
Zr_Cu(111)                                             3    36    33             0.623848
Zr_Cu(111)                                             4    36    17             0.540892
Zr_Cu(111)                                             5    36    17             0.701871
Zr_Cu(111)                                             6    36    17             0.527665
Zr_Cu(111)                                             7    36     1             0.486070
Zr_Cu(111)                                             7    36     5             0.598714
Zr_Cu(111)                                             7    36     9             0.610443
Zr_Cu(111)                                             7    36    17             0.534689
Zr_Cu(111)                                             7    36    21             0.598714
Zr_Cu(111)                                             7    36    33             0.486070
Zr_Cu(111)                                             8    36    17             0.527665
Zr_Cu(111)                                            11    36     1             0.598714
Zr_Cu(111)                                            11    36     5             0.598714
Zr_Cu(111)                                            11    36    13             0.486070
Zr_Cu(111)                                            11    36    17             0.534689
Zr_Cu(111)                                            11    36    21             0.486070
Zr_Cu(111)                                            11    36    25             0.610443
Nb_Cu(111)                                             0    36    17             0.540892
Nb_Cu(111)                                             1    36     1             0.623848
Nb_Cu(111)                                             1    36     5             0.892559
Nb_Cu(111)                                             1    36     9             0.719815
Nb_Cu(111)                                             1    36    13             0.623848
Nb_Cu(111)                                             1    36    17             0.531416
Nb_Cu(111)                                             1    36    21             0.892559
Nb_Cu(111)                                             1    36    29             0.623848
Nb_Cu(111)                                             1    36    33             0.623848
Nb_Cu(111)                                             2    36     1             0.595442
Nb_Cu(111)                                             2    36     5             0.892559
Nb_Cu(111)                                             2    36     9             0.813594
Nb_Cu(111)                                             2    36    13             0.623848
Nb_Cu(111)                                             2    36    17             0.828534
Nb_Cu(111)                                             2    36    21             0.595442
Nb_Cu(111)                                             2    36    25             0.813594
Nb_Cu(111)                                             2    36    33             0.623848
Nb_Cu(111)                                             3    36     1             0.892559
Nb_Cu(111)                                             3    36     5             0.892559
Nb_Cu(111)                                             3    36    13             0.623848
Nb_Cu(111)                                             3    36    17             0.531416
Nb_Cu(111)                                             3    36    21             0.623848
Nb_Cu(111)                                             3    36    25             0.719815
Nb_Cu(111)                                             3    36    29             0.623848
Nb_Cu(111)                                             3    36    33             0.623848
Nb_Cu(111)                                             4    36    17             0.540892
Nb_Cu(111)                                             5    36    17             0.701871
Nb_Cu(111)                                             6    36    17             0.527665
Nb_Cu(111)                                             7    36     1             0.632486
Nb_Cu(111)                                             7    36     5             0.598714
Nb_Cu(111)                                             7    36     9             0.756860
Nb_Cu(111)                                             7    36    17             0.534689
Nb_Cu(111)                                             7    36    21             0.598714
Nb_Cu(111)                                             7    36    33             0.632486
Nb_Cu(111)                                             8    36    17             0.527665
Nb_Cu(111)                                            11    36     1             0.598714
Nb_Cu(111)                                            11    36     5             0.598714
Nb_Cu(111)                                            11    36    13             0.632486
Nb_Cu(111)                                            11    36    17             0.534689
Nb_Cu(111)                                            11    36    21             0.632486
Nb_Cu(111)                                            11    36    25             0.756860
Mo_Cu(111)                                             0    36    17             0.540892
Mo_Cu(111)                                             1    36     1             0.612022
Mo_Cu(111)                                             1    36     5             0.920828
Mo_Cu(111)                                             1    36     9             0.719815
Mo_Cu(111)                                             1    36    13             0.612022
Mo_Cu(111)                                             1    36    17             0.531416
Mo_Cu(111)                                             1    36    21             0.920828
Mo_Cu(111)                                             1    36    29             0.612022
Mo_Cu(111)                                             1    36    33             0.612022
Mo_Cu(111)                                             2    36     1             0.623710
Mo_Cu(111)                                             2    36     5             0.920828
Mo_Cu(111)                                             2    36     9             0.813594
Mo_Cu(111)                                             2    36    13             0.612022
Mo_Cu(111)                                             2    36    17             0.828534
Mo_Cu(111)                                             2    36    21             0.623710
Mo_Cu(111)                                             2    36    25             0.748221
Mo_Cu(111)                                             2    36    33             0.612022
Mo_Cu(111)                                             3    36     1             0.920828
Mo_Cu(111)                                             3    36     5             0.920828
Mo_Cu(111)                                             3    36    13             0.612022
Mo_Cu(111)                                             3    36    17             0.531416
Mo_Cu(111)                                             3    36    21             0.612022
Mo_Cu(111)                                             3    36    25             0.719815
Mo_Cu(111)                                             3    36    29             0.612022
Mo_Cu(111)                                             3    36    33             0.612022
Mo_Cu(111)                                             4    36    17             0.540892
Mo_Cu(111)                                             5    36    17             0.701871
Mo_Cu(111)                                             6    36    17             0.527665
Mo_Cu(111)                                             7    36     1             0.598795
Mo_Cu(111)                                             7    36     5             0.626982
Mo_Cu(111)                                             7    36     9             0.734994
Mo_Cu(111)                                             7    36    17             0.534689
Mo_Cu(111)                                             7    36    21             0.626982
Mo_Cu(111)                                             7    36    33             0.598795
Mo_Cu(111)                                             8    36    17             0.527665
Mo_Cu(111)                                            11    36     1             0.626982
Mo_Cu(111)                                            11    36     5             0.626982
Mo_Cu(111)                                            11    36    13             0.598795
Mo_Cu(111)                                            11    36    17             0.534689
Mo_Cu(111)                                            11    36    21             0.598795
Mo_Cu(111)                                            11    36    25             0.734994
Tc_Cu(111)                                             0    36    17             0.558656
Tc_Cu(111)                                             1    36     1             0.636295
Tc_Cu(111)                                             1    36     5             0.911679
Tc_Cu(111)                                             1    36     9             0.719815
Tc_Cu(111)                                             1    36    13             0.636295
Tc_Cu(111)                                             1    36    17             0.549181
Tc_Cu(111)                                             1    36    21             0.911679
Tc_Cu(111)                                             1    36    29             0.636295
Tc_Cu(111)                                             1    36    33             0.636295
Tc_Cu(111)                                             2    36     1             0.614562
Tc_Cu(111)                                             2    36     5             0.911679
Tc_Cu(111)                                             2    36     9             0.748221
Tc_Cu(111)                                             2    36    13             0.636295
Tc_Cu(111)                                             2    36    17             0.846299
Tc_Cu(111)                                             2    36    21             0.614562
Tc_Cu(111)                                             2    36    25             0.748221
Tc_Cu(111)                                             2    36    33             0.636295
Tc_Cu(111)                                             3    36     1             0.911679
Tc_Cu(111)                                             3    36     5             0.911679
Tc_Cu(111)                                             3    36    13             0.636295
Tc_Cu(111)                                             3    36    17             0.549181
Tc_Cu(111)                                             3    36    21             0.636295
Tc_Cu(111)                                             3    36    25             0.719815
Tc_Cu(111)                                             3    36    29             0.636295
Tc_Cu(111)                                             3    36    33             0.636295
Tc_Cu(111)                                             4    36    17             0.558656
Tc_Cu(111)                                             5    36    17             0.719636
Tc_Cu(111)                                             6    36    17             0.545429
Tc_Cu(111)                                             7    36     1             0.623068
Tc_Cu(111)                                             7    36     5             0.617834
Tc_Cu(111)                                             7    36     9             0.734994
Tc_Cu(111)                                             7    36    17             0.552454
Tc_Cu(111)                                             7    36    21             0.617834
Tc_Cu(111)                                             7    36    33             0.623068
Tc_Cu(111)                                             8    36    17             0.545429
Tc_Cu(111)                                            11    36     1             0.617834
Tc_Cu(111)                                            11    36     5             0.617834
Tc_Cu(111)                                            11    36    13             0.623068
Tc_Cu(111)                                            11    36    17             0.552454
Tc_Cu(111)                                            11    36    21             0.623068
Tc_Cu(111)                                            11    36    25             0.734994
Ru_Cu(111)                                             0    36    17             0.558656
Ru_Cu(111)                                             1    36     1             0.743396
Ru_Cu(111)                                             1    36     5             1.010207
Ru_Cu(111)                                             1    36     9             0.719815
Ru_Cu(111)                                             1    36    13             0.743396
Ru_Cu(111)                                             1    36    17             0.549181
Ru_Cu(111)                                             1    36    21             1.010207
Ru_Cu(111)                                             1    36    29             0.743396
Ru_Cu(111)                                             1    36    33             0.743396
Ru_Cu(111)                                             2    36     1             0.715477
Ru_Cu(111)                                             2    36     5             1.010207
Ru_Cu(111)                                             2    36     9             0.748221
Ru_Cu(111)                                             2    36    13             0.743396
Ru_Cu(111)                                             2    36    17             0.846299
Ru_Cu(111)                                             2    36    21             0.715477
Ru_Cu(111)                                             2    36    25             0.748221
Ru_Cu(111)                                             2    36    33             0.743396
Ru_Cu(111)                                             3    36     1             1.010207
Ru_Cu(111)                                             3    36     5             1.010207
Ru_Cu(111)                                             3    36    13             0.743396
Ru_Cu(111)                                             3    36    17             0.549181
Ru_Cu(111)                                             3    36    21             0.743396
Ru_Cu(111)                                             3    36    25             0.719815
Ru_Cu(111)                                             3    36    29             0.743396
Ru_Cu(111)                                             3    36    33             0.743396
Ru_Cu(111)                                             4    36    17             0.558656
Ru_Cu(111)                                             5    36    17             0.719636
Ru_Cu(111)                                             6    36    17             0.545429
Ru_Cu(111)                                             7    36     1             0.717292
Ru_Cu(111)                                             7    36     5             0.933602
Ru_Cu(111)                                             7    36     9             0.734994
Ru_Cu(111)                                             7    36    17             0.769694
Ru_Cu(111)                                             7    36    21             0.933602
Ru_Cu(111)                                             7    36    33             0.717292
Ru_Cu(111)                                             8    36    17             0.545429
Ru_Cu(111)                                            11    36     1             0.940381
Ru_Cu(111)                                            11    36     5             0.933602
Ru_Cu(111)                                            11    36    13             0.717292
Ru_Cu(111)                                            11    36    17             0.769694
Ru_Cu(111)                                            11    36    21             0.717292
Ru_Cu(111)                                            11    36    25             0.734994
Cd_Cu(111)                                             0    36    17             0.638680
Cd_Cu(111)                                             1    36     1             0.821211
Cd_Cu(111)                                             1    36     5             1.018837
Cd_Cu(111)                                             1    36     9             0.719815
Cd_Cu(111)                                             1    36    13             0.821211
Cd_Cu(111)                                             1    36    17             0.610273
Cd_Cu(111)                                             1    36    21             1.018837
Cd_Cu(111)                                             1    36    29             0.821211
Cd_Cu(111)                                             1    36    33             0.821211
Cd_Cu(111)                                             2    36     1             0.727432
Cd_Cu(111)                                             2    36     5             1.018837
Cd_Cu(111)                                             2    36     9             0.813594
Cd_Cu(111)                                             2    36    13             0.821211
Cd_Cu(111)                                             2    36    17             0.907391
Cd_Cu(111)                                             2    36    21             0.727432
Cd_Cu(111)                                             2    36    25             0.813594
Cd_Cu(111)                                             2    36    33             0.821211
Cd_Cu(111)                                             3    36     1             1.018837
Cd_Cu(111)                                             3    36     5             1.018837
Cd_Cu(111)                                             3    36    13             0.821211
Cd_Cu(111)                                             3    36    17             0.610273
Cd_Cu(111)                                             3    36    21             0.821211
Cd_Cu(111)                                             3    36    25             0.719815
Cd_Cu(111)                                             3    36    29             0.821211
Cd_Cu(111)                                             3    36    33             0.821211
Cd_Cu(111)                                             4    36    17             0.638680
Cd_Cu(111)                                             5    36    17             0.843598
Cd_Cu(111)                                             6    36    17             0.625452
Cd_Cu(111)                                             7    36     1             0.764476
Cd_Cu(111)                                             7    36     5             0.730704
Cd_Cu(111)                                             7    36     9             0.756860
Cd_Cu(111)                                             7    36    17             0.613546
Cd_Cu(111)                                             7    36    21             0.730704
Cd_Cu(111)                                             7    36    33             0.764476
Cd_Cu(111)                                             8    36    17             0.625452
Cd_Cu(111)                                            11    36     1             0.730704
Cd_Cu(111)                                            11    36     5             0.730704
Cd_Cu(111)                                            11    36    13             0.764476
Cd_Cu(111)                                            11    36    17             0.613546
Cd_Cu(111)                                            11    36    21             0.764476
Cd_Cu(111)                                            11    36    25             0.756860
In_Cu(111)                                             0    36    17             0.540892
In_Cu(111)                                             1    36    17             0.531416
In_Cu(111)                                             2    36     1             0.595442
In_Cu(111)                                             2    36     5             0.892559
In_Cu(111)                                             2    36     9             0.813594
In_Cu(111)                                             2    36    13             0.623848
In_Cu(111)                                             2    36    17             0.828534
In_Cu(111)                                             2    36    21             0.595442
In_Cu(111)                                             2    36    25             0.813594
In_Cu(111)                                             2    36    33             0.623848
In_Cu(111)                                             3    36    17             0.531416
In_Cu(111)                                             4    36    17             0.540892
In_Cu(111)                                             5    36    17             0.701871
In_Cu(111)                                             6    36    17             0.527665
In_Cu(111)                                             7    36     1             0.632486
In_Cu(111)                                             7    36     5             0.598714
In_Cu(111)                                             7    36     9             0.756860
In_Cu(111)                                             7    36    17             0.534689
In_Cu(111)                                             7    36    21             0.598714
In_Cu(111)                                             7    36    33             0.632486
In_Cu(111)                                             8    36    17             0.527665
In_Cu(111)                                            11    36     1             0.598714
In_Cu(111)                                            11    36     5             0.598714
In_Cu(111)                                            11    36    13             0.632486
In_Cu(111)                                            11    36    17             0.534689
In_Cu(111)                                            11    36    21             0.632486
In_Cu(111)                                            11    36    25             0.756860
Sn_Cu(111)                                             0    36    17             0.540892
Sn_Cu(111)                                             1    36    17             0.531416
Sn_Cu(111)                                             2    36     1             0.589837
Sn_Cu(111)                                             2    36     5             0.886955
Sn_Cu(111)                                             2    36     9             0.813594
Sn_Cu(111)                                             2    36    13             0.618244
Sn_Cu(111)                                             2    36    17             0.828534
Sn_Cu(111)                                             2    36    21             0.589837
Sn_Cu(111)                                             2    36    25             0.813594
Sn_Cu(111)                                             2    36    33             0.618244
Sn_Cu(111)                                             3    36    17             0.531416
Sn_Cu(111)                                             4    36    17             0.540892
Sn_Cu(111)                                             5    36    17             0.701871
Sn_Cu(111)                                             6    36    17             0.527665
Sn_Cu(111)                                             7    36     1             0.626882
Sn_Cu(111)                                             7    36     5             0.593110
Sn_Cu(111)                                             7    36     9             0.756860
Sn_Cu(111)                                             7    36    17             0.534689
Sn_Cu(111)                                             7    36    21             0.593110
Sn_Cu(111)                                             7    36    33             0.626882
Sn_Cu(111)                                             8    36    17             0.527665
Sn_Cu(111)                                            11    36     1             0.593110
Sn_Cu(111)                                            11    36     5             0.593110
Sn_Cu(111)                                            11    36    13             0.626882
Sn_Cu(111)                                            11    36    17             0.534689
Sn_Cu(111)                                            11    36    21             0.626882
Sn_Cu(111)                                            11    36    25             0.756860
Hf_Cu(111)                                             0    36    17             0.540892
Hf_Cu(111)                                             1    36     1             0.623848
Hf_Cu(111)                                             1    36     5             0.892559
Hf_Cu(111)                                             1    36     9             0.719815
Hf_Cu(111)                                             1    36    13             0.623848
Hf_Cu(111)                                             1    36    17             0.531416
Hf_Cu(111)                                             1    36    21             0.892559
Hf_Cu(111)                                             1    36    29             0.623848
Hf_Cu(111)                                             1    36    33             0.623848
Hf_Cu(111)                                             2    36     1             0.595442
Hf_Cu(111)                                             2    36     5             0.892559
Hf_Cu(111)                                             2    36     9             0.813594
Hf_Cu(111)                                             2    36    13             0.623848
Hf_Cu(111)                                             2    36    17             0.828534
Hf_Cu(111)                                             2    36    21             0.595442
Hf_Cu(111)                                             2    36    25             0.813594
Hf_Cu(111)                                             2    36    33             0.623848
Hf_Cu(111)                                             3    36     1             0.892559
Hf_Cu(111)                                             3    36     5             0.892559
Hf_Cu(111)                                             3    36    13             0.623848
Hf_Cu(111)                                             3    36    17             0.531416
Hf_Cu(111)                                             3    36    21             0.623848
Hf_Cu(111)                                             3    36    25             0.719815
Hf_Cu(111)                                             3    36    29             0.623848
Hf_Cu(111)                                             3    36    33             0.623848
Hf_Cu(111)                                             4    36    17             0.540892
Hf_Cu(111)                                             5    36    17             0.701871
Hf_Cu(111)                                             6    36    17             0.527665
Hf_Cu(111)                                             7    36     1             0.632486
Hf_Cu(111)                                             7    36     5             0.598714
Hf_Cu(111)                                             7    36     9             0.610443
Hf_Cu(111)                                             7    36    17             0.534689
Hf_Cu(111)                                             7    36    21             0.598714
Hf_Cu(111)                                             7    36    33             0.486070
Hf_Cu(111)                                             8    36    17             0.527665
Hf_Cu(111)                                            11    36     1             0.598714
Hf_Cu(111)                                            11    36     5             0.598714
Hf_Cu(111)                                            11    36    13             0.632486
Hf_Cu(111)                                            11    36    17             0.534689
Hf_Cu(111)                                            11    36    21             0.486070
Hf_Cu(111)                                            11    36    25             0.756860
Ta_Cu(111)                                             0    36    17             0.540892
Ta_Cu(111)                                             1    36     1             0.623848
Ta_Cu(111)                                             1    36     5             0.892559
Ta_Cu(111)                                             1    36     9             0.719815
Ta_Cu(111)                                             1    36    13             0.623848
Ta_Cu(111)                                             1    36    17             0.531416
Ta_Cu(111)                                             1    36    21             0.892559
Ta_Cu(111)                                             1    36    29             0.623848
Ta_Cu(111)                                             1    36    33             0.623848
Ta_Cu(111)                                             2    36     1             0.595442
Ta_Cu(111)                                             2    36     5             0.892559
Ta_Cu(111)                                             2    36     9             0.813594
Ta_Cu(111)                                             2    36    13             0.623848
Ta_Cu(111)                                             2    36    17             0.828534
Ta_Cu(111)                                             2    36    21             0.595442
Ta_Cu(111)                                             2    36    25             0.813594
Ta_Cu(111)                                             2    36    33             0.623848
Ta_Cu(111)                                             3    36     1             0.892559
Ta_Cu(111)                                             3    36     5             0.892559
Ta_Cu(111)                                             3    36    13             0.623848
Ta_Cu(111)                                             3    36    17             0.531416
Ta_Cu(111)                                             3    36    21             0.623848
Ta_Cu(111)                                             3    36    25             0.719815
Ta_Cu(111)                                             3    36    29             0.623848
Ta_Cu(111)                                             3    36    33             0.623848
Ta_Cu(111)                                             4    36    17             0.540892
Ta_Cu(111)                                             5    36    17             0.701871
Ta_Cu(111)                                             6    36    17             0.527665
Ta_Cu(111)                                             7    36     1             0.632486
Ta_Cu(111)                                             7    36     5             0.598714
Ta_Cu(111)                                             7    36     9             0.756860
Ta_Cu(111)                                             7    36    17             0.534689
Ta_Cu(111)                                             7    36    21             0.598714
Ta_Cu(111)                                             7    36    33             0.632486
Ta_Cu(111)                                             8    36    17             0.527665
Ta_Cu(111)                                            11    36     1             0.598714
Ta_Cu(111)                                            11    36     5             0.598714
Ta_Cu(111)                                            11    36    13             0.632486
Ta_Cu(111)                                            11    36    17             0.534689
Ta_Cu(111)                                            11    36    21             0.632486
Ta_Cu(111)                                            11    36    25             0.756860
W_Cu(111)                                              0    36    17             0.540892
W_Cu(111)                                              1    36     1             0.648643
W_Cu(111)                                              1    36     5             0.917354
W_Cu(111)                                              1    36     9             0.719815
W_Cu(111)                                              1    36    13             0.648643
W_Cu(111)                                              1    36    17             0.531416
W_Cu(111)                                              1    36    21             0.917354
W_Cu(111)                                              1    36    29             0.648643
W_Cu(111)                                              1    36    33             0.648643
W_Cu(111)                                              2    36     1             0.620236
W_Cu(111)                                              2    36     5             0.917354
W_Cu(111)                                              2    36     9             0.813594
W_Cu(111)                                              2    36    13             0.648643
W_Cu(111)                                              2    36    17             0.828534
W_Cu(111)                                              2    36    21             0.620236
W_Cu(111)                                              2    36    25             0.748221
W_Cu(111)                                              2    36    33             0.648643
W_Cu(111)                                              3    36     1             0.917354
W_Cu(111)                                              3    36     5             0.917354
W_Cu(111)                                              3    36    13             0.648643
W_Cu(111)                                              3    36    17             0.531416
W_Cu(111)                                              3    36    21             0.648643
W_Cu(111)                                              3    36    25             0.719815
W_Cu(111)                                              3    36    29             0.648643
W_Cu(111)                                              3    36    33             0.648643
W_Cu(111)                                              4    36    17             0.540892
W_Cu(111)                                              5    36    17             0.701871
W_Cu(111)                                              6    36    17             0.527665
W_Cu(111)                                              7    36     1             0.635415
W_Cu(111)                                              7    36     5             0.623509
W_Cu(111)                                              7    36     9             0.734994
W_Cu(111)                                              7    36    17             0.534689
W_Cu(111)                                              7    36    21             0.623509
W_Cu(111)                                              7    36    33             0.635415
W_Cu(111)                                              8    36    17             0.527665
W_Cu(111)                                             11    36     1             0.623509
W_Cu(111)                                             11    36     5             0.623509
W_Cu(111)                                             11    36    13             0.635415
W_Cu(111)                                             11    36    17             0.534689
W_Cu(111)                                             11    36    21             0.635415
W_Cu(111)                                             11    36    25             0.734994
Re_Cu(111)                                             0    36    17             0.540892
Re_Cu(111)                                             1    36     1             0.648643
Re_Cu(111)                                             1    36     5             0.917354
Re_Cu(111)                                             1    36     9             0.719815
Re_Cu(111)                                             1    36    13             0.648643
Re_Cu(111)                                             1    36    17             0.531416
Re_Cu(111)                                             1    36    21             0.917354
Re_Cu(111)                                             1    36    29             0.648643
Re_Cu(111)                                             1    36    33             0.648643
Re_Cu(111)                                             2    36     1             0.620236
Re_Cu(111)                                             2    36     5             0.917354
Re_Cu(111)                                             2    36     9             0.748221
Re_Cu(111)                                             2    36    13             0.648643
Re_Cu(111)                                             2    36    17             0.828534
Re_Cu(111)                                             2    36    21             0.620236
Re_Cu(111)                                             2    36    25             0.748221
Re_Cu(111)                                             2    36    33             0.648643
Re_Cu(111)                                             3    36     1             0.917354
Re_Cu(111)                                             3    36     5             0.917354
Re_Cu(111)                                             3    36    13             0.648643
Re_Cu(111)                                             3    36    17             0.531416
Re_Cu(111)                                             3    36    21             0.648643
Re_Cu(111)                                             3    36    25             0.719815
Re_Cu(111)                                             3    36    29             0.648643
Re_Cu(111)                                             3    36    33             0.648643
Re_Cu(111)                                             4    36    17             0.540892
Re_Cu(111)                                             5    36    17             0.701871
Re_Cu(111)                                             6    36    17             0.527665
Re_Cu(111)                                             7    36     1             0.635415
Re_Cu(111)                                             7    36     5             0.623509
Re_Cu(111)                                             7    36     9             0.734994
Re_Cu(111)                                             7    36    17             0.534689
Re_Cu(111)                                             7    36    21             0.623509
Re_Cu(111)                                             7    36    33             0.635415
Re_Cu(111)                                             8    36    17             0.527665
Re_Cu(111)                                            11    36     1             0.623509
Re_Cu(111)                                            11    36     5             0.623509
Re_Cu(111)                                            11    36    13             0.635415
Re_Cu(111)                                            11    36    17             0.534689
Re_Cu(111)                                            11    36    21             0.635415
Re_Cu(111)                                            11    36    25             0.734994
Os_Cu(111)                                             0    36    17             0.558656
Os_Cu(111)                                             1    36     1             0.743396
Os_Cu(111)                                             1    36     5             1.010207
Os_Cu(111)                                             1    36     9             0.719815
Os_Cu(111)                                             1    36    13             0.743396
Os_Cu(111)                                             1    36    17             0.549181
Os_Cu(111)                                             1    36    21             1.010207
Os_Cu(111)                                             1    36    29             0.743396
Os_Cu(111)                                             1    36    33             0.743396
Os_Cu(111)                                             2    36     1             0.715477
Os_Cu(111)                                             2    36     5             1.010207
Os_Cu(111)                                             2    36     9             0.748221
Os_Cu(111)                                             2    36    13             0.743396
Os_Cu(111)                                             2    36    17             0.846299
Os_Cu(111)                                             2    36    21             0.715477
Os_Cu(111)                                             2    36    25             0.748221
Os_Cu(111)                                             2    36    33             0.743396
Os_Cu(111)                                             3    36     1             1.010207
Os_Cu(111)                                             3    36     5             1.010207
Os_Cu(111)                                             3    36    13             0.743396
Os_Cu(111)                                             3    36    17             0.549181
Os_Cu(111)                                             3    36    21             0.743396
Os_Cu(111)                                             3    36    25             0.719815
Os_Cu(111)                                             3    36    29             0.743396
Os_Cu(111)                                             3    36    33             0.743396
Os_Cu(111)                                             4    36    17             0.558656
Os_Cu(111)                                             5    36    17             0.719636
Os_Cu(111)                                             6    36    17             0.545429
Os_Cu(111)                                             7    36     1             0.717292
Os_Cu(111)                                             7    36     5             0.933602
Os_Cu(111)                                             7    36     9             0.734994
Os_Cu(111)                                             7    36    17             0.769694
Os_Cu(111)                                             7    36    21             0.797402
Os_Cu(111)                                             7    36    33             0.717292
Os_Cu(111)                                             8    36    17             0.545429
Os_Cu(111)                                            11    36     1             0.933602
Os_Cu(111)                                            11    36     5             0.797402
Os_Cu(111)                                            11    36    13             0.717292
Os_Cu(111)                                            11    36    17             0.769694
Os_Cu(111)                                            11    36    21             0.717292
Os_Cu(111)                                            11    36    25             0.734994
Hg_Cu(111)                                             0    36    17             0.873534
Hg_Cu(111)                                             1    36    17             0.812257
Hg_Cu(111)                                             2    36     1             0.721719
Hg_Cu(111)                                             2    36     5             1.018837
Hg_Cu(111)                                             2    36     9             0.813594
Hg_Cu(111)                                             2    36    13             0.815498
Hg_Cu(111)                                             2    36    17             1.100903
Hg_Cu(111)                                             2    36    21             0.721719
Hg_Cu(111)                                             2    36    25             0.813594
Hg_Cu(111)                                             2    36    33             0.815498
Hg_Cu(111)                                             3    36    17             0.812257
Hg_Cu(111)                                             4    36    17             0.873534
Hg_Cu(111)                                             5    36    17             0.944298
Hg_Cu(111)                                             6    36    17             0.832533
Hg_Cu(111)                                             7    36     1             0.758764
Hg_Cu(111)                                             7    36     5             0.724992
Hg_Cu(111)                                             7    36     9             0.756860
Hg_Cu(111)                                             7    36    17             0.815529
Hg_Cu(111)                                             7    36    21             0.724992
Hg_Cu(111)                                             7    36    33             0.758764
Hg_Cu(111)                                             8    36    17             0.832533
Hg_Cu(111)                                            11    36     1             0.724992
Hg_Cu(111)                                            11    36     5             0.724992
Hg_Cu(111)                                            11    36    13             0.758764
Hg_Cu(111)                                            11    36    17             0.815529
Hg_Cu(111)                                            11    36    21             0.758764
Hg_Cu(111)                                            11    36    25             0.756860
Tl_Cu(111)                                             0    36    17             0.540892
Tl_Cu(111)                                             1    36    17             0.531416
Tl_Cu(111)                                             2    36     1             0.595442
Tl_Cu(111)                                             2    36     5             0.892559
Tl_Cu(111)                                             2    36     9             0.813594
Tl_Cu(111)                                             2    36    13             0.623848
Tl_Cu(111)                                             2    36    17             0.828534
Tl_Cu(111)                                             2    36    21             0.595442
Tl_Cu(111)                                             2    36    25             0.813594
Tl_Cu(111)                                             2    36    33             0.623848
Tl_Cu(111)                                             3    36    17             0.531416
Tl_Cu(111)                                             4    36    17             0.540892
Tl_Cu(111)                                             5    36    17             0.701871
Tl_Cu(111)                                             6    36    17             0.527665
Tl_Cu(111)                                             7    36     1             0.632486
Tl_Cu(111)                                             7    36     5             0.598714
Tl_Cu(111)                                             7    36     9             0.610443
Tl_Cu(111)                                             7    36    17             0.534689
Tl_Cu(111)                                             7    36    21             0.598714
Tl_Cu(111)                                             7    36    33             0.486070
Tl_Cu(111)                                             8    36    17             0.527665
Tl_Cu(111)                                            11    36     1             0.598714
Tl_Cu(111)                                            11    36     5             0.598714
Tl_Cu(111)                                            11    36    13             0.632486
Tl_Cu(111)                                            11    36    17             0.534689
Tl_Cu(111)                                            11    36    21             0.486070
Tl_Cu(111)                                            11    36    25             0.756860
Pb_Cu(111)                                             0    36    17             0.540892
Pb_Cu(111)                                             1    36    17             0.531416
Pb_Cu(111)                                             2    36     1             0.595442
Pb_Cu(111)                                             2    36     5             0.892559
Pb_Cu(111)                                             2    36     9             0.813594
Pb_Cu(111)                                             2    36    13             0.623848
Pb_Cu(111)                                             2    36    17             0.828534
Pb_Cu(111)                                             2    36    21             0.595442
Pb_Cu(111)                                             2    36    25             0.813594
Pb_Cu(111)                                             2    36    33             0.623848
Pb_Cu(111)                                             3    36    17             0.531416
Pb_Cu(111)                                             4    36    17             0.540892
Pb_Cu(111)                                             5    36    17             0.701871
Pb_Cu(111)                                             6    36    17             0.527665
Pb_Cu(111)                                             7    36     1             0.646198
Pb_Cu(111)                                             7    36     5             0.598714
Pb_Cu(111)                                             7    36     9             0.770572
Pb_Cu(111)                                             7    36    17             0.534689
Pb_Cu(111)                                             7    36    21             0.598714
Pb_Cu(111)                                             7    36    33             0.646198
Pb_Cu(111)                                             8    36    17             0.527665
Pb_Cu(111)                                            11    36     1             0.598714
Pb_Cu(111)                                            11    36     5             0.598714
Pb_Cu(111)                                            11    36    13             0.646198
Pb_Cu(111)                                            11    36    17             0.534689
Pb_Cu(111)                                            11    36    21             0.646198
Pb_Cu(111)                                            11    36    25             0.770572
Sc_Au(100)                                             4    36    17             0.431610
Sc_Au(100)                                             5    36    21             0.697949
Sc_Au(100)                                             5    36    17             0.461877
Sc_Au(100)                                             6    36    13             0.768875
Sc_Au(100)                                             6    36     5             0.695291
Sc_Au(100)                                             6    36    21             0.768875
Sc_Au(100)                                             6    36    17             0.459219
Ti_Au(100)                                             4    36    17             0.431610
Ti_Au(100)                                             5    36    21             0.713030
Ti_Au(100)                                             5    36    17             0.476958
Ti_Au(100)                                             6    36    13             0.768875
Ti_Au(100)                                             6    36     5             0.695291
Ti_Au(100)                                             6    36    21             0.768875
Ti_Au(100)                                             6    36    17             0.459219
V_Au(100)                                              4    36    17             0.431610
V_Au(100)                                              5    36    21             0.713030
V_Au(100)                                              5    36    17             0.476958
V_Au(100)                                              6    36    13             0.768875
V_Au(100)                                              6    36     5             1.038687
V_Au(100)                                              6    36    21             0.768875
V_Au(100)                                              6    36    17             0.811086
Cr_Au(100)                                             4    36    17             0.431610
Cr_Au(100)                                             5    36    21             0.679954
Cr_Au(100)                                             5    36    17             0.476958
Cr_Au(100)                                             6    36    13             0.730701
Cr_Au(100)                                             6    36     5             1.023220
Cr_Au(100)                                             6    36    21             0.730701
Cr_Au(100)                                             6    36    17             0.828696
Mn_Au(100)                                             4    36    17             0.431610
Mn_Au(100)                                             5    36    21             0.713030
Mn_Au(100)                                             5    36    17             0.476958
Mn_Au(100)                                             6    36    13             0.768875
Mn_Au(100)                                             6    36     5             1.056297
Mn_Au(100)                                             6    36    21             0.768875
Mn_Au(100)                                             6    36    17             0.828696
Fe_Au(100)                                             4    36    17             0.431610
Fe_Au(100)                                             5    36    21             0.668682
Fe_Au(100)                                             5    36    17             0.476958
Fe_Au(100)                                             6    36    13             0.714027
Fe_Au(100)                                             6    36     5             1.011949
Fe_Au(100)                                             6    36    21             0.714027
Fe_Au(100)                                             6    36    17             0.828696
Co_Au(100)                                             4    36    17             0.431610
Co_Au(100)                                             5    36    21             0.608372
Co_Au(100)                                             5    36    17             0.408224
Co_Au(100)                                             6    36    13             0.722451
Co_Au(100)                                             6    36     5             1.020373
Co_Au(100)                                             6    36    21             0.722451
Co_Au(100)                                             6    36    17             0.828696
Zn_Au(100)                                             4    36    17             0.491526
Zn_Au(100)                                             5    36    21             0.688378
Zn_Au(100)                                             5    36    17             0.493754
Zn_Au(100)                                             6    36    13             0.739124
Zn_Au(100)                                             6    36     5             1.020813
Zn_Au(100)                                             6    36    21             0.739124
Zn_Au(100)                                             6    36    17             0.834661
Ga_Au(100)                                             4    36    17             0.431610
Ga_Au(100)                                             5    36    17             0.476958
Ga_Au(100)                                             6    36    13             0.714027
Ga_Au(100)                                             6    36     5             0.650943
Ga_Au(100)                                             6    36    21             0.714027
Ga_Au(100)                                             6    36    17             0.459219
Ge_Au(100)                                             4    36    17             0.431610
Ge_Au(100)                                             5    36    17             0.476958
Ge_Au(100)                                             6    36    13             0.688680
Ge_Au(100)                                             6    36     5             0.645395
Ge_Au(100)                                             6    36    21             0.688680
Ge_Au(100)                                             6    36    17             0.459219
Y_Au(100)                                              4    36    17             0.431610
Y_Au(100)                                              5    36     5             0.697949
Y_Au(100)                                              5    36    17             0.461877
Y_Au(100)                                              5    36    21             0.697949
Y_Au(100)                                              6    36    13             0.797917
Y_Au(100)                                              6    36     5             0.713030
Y_Au(100)                                              6    36    21             0.797917
Y_Au(100)                                              6    36    17             0.476958
Zr_Au(100)                                             4    36    17             0.431610
Zr_Au(100)                                             5    36    21             0.697949
Zr_Au(100)                                             5    36    17             0.461877
Zr_Au(100)                                             6    36    13             0.768875
Zr_Au(100)                                             6    36     5             0.695291
Zr_Au(100)                                             6    36    21             0.768875
Zr_Au(100)                                             6    36    17             0.459219
Nb_Au(100)                                             4    36    17             0.431610
Nb_Au(100)                                             5    36    21             0.713030
Nb_Au(100)                                             5    36    17             0.476958
Nb_Au(100)                                             6    36    13             0.768875
Nb_Au(100)                                             6    36     5             0.695291
Nb_Au(100)                                             6    36    21             0.768875
Nb_Au(100)                                             6    36    17             0.459219
Mo_Au(100)                                             4    36    17             0.431610
Mo_Au(100)                                             5    36    21             0.663135
Mo_Au(100)                                             5    36    17             0.476958
Mo_Au(100)                                             6    36    13             0.688680
Mo_Au(100)                                             6    36     5             0.645395
Mo_Au(100)                                             6    36    21             0.688680
Mo_Au(100)                                             6    36    17             0.459219
Tc_Au(100)                                             4    36    17             0.431610
Tc_Au(100)                                             5    36    21             0.663135
Tc_Au(100)                                             5    36    17             0.476958
Tc_Au(100)                                             6    36    13             0.688680
Tc_Au(100)                                             6    36     5             0.645395
Tc_Au(100)                                             6    36    21             0.688680
Tc_Au(100)                                             6    36    17             0.459219
Ru_Au(100)                                             4    36    17             0.431610
Ru_Au(100)                                             5    36    21             0.671559
Ru_Au(100)                                             5    36    17             0.476958
Ru_Au(100)                                             6    36    13             0.697104
Ru_Au(100)                                             6    36     5             0.653819
Ru_Au(100)                                             6    36    21             0.697104
Ru_Au(100)                                             6    36    17             0.459219
Cd_Au(100)                                             4    36    17             0.535997
Cd_Au(100)                                             5    36    21             0.673296
Cd_Au(100)                                             5    36    17             0.523144
Cd_Au(100)                                             6    36    13             0.739124
Cd_Au(100)                                             6    36     5             0.670638
Cd_Au(100)                                             6    36    21             0.739124
Cd_Au(100)                                             6    36    17             0.520486
In_Au(100)                                             4    36    17             0.431610
In_Au(100)                                             5    36    21             0.653601
In_Au(100)                                             5    36    17             0.461877
In_Au(100)                                             6    36    13             0.714027
In_Au(100)                                             6    36     5             0.650943
In_Au(100)                                             6    36    21             0.714027
In_Au(100)                                             6    36    17             0.459219
Sn_Au(100)                                             4    36    17             0.431610
Sn_Au(100)                                             5    36    21             0.648053
Sn_Au(100)                                             5    36    17             0.461877
Sn_Au(100)                                             6    36    13             0.688680
Sn_Au(100)                                             6    36     5             0.645395
Sn_Au(100)                                             6    36    21             0.688680
Sn_Au(100)                                             6    36    17             0.459219
Hf_Au(100)                                             4    36    17             0.431610
Hf_Au(100)                                             5    36    21             0.697949
Hf_Au(100)                                             5    36    17             0.461877
Hf_Au(100)                                             6    36    13             0.768875
Hf_Au(100)                                             6    36     5             0.695291
Hf_Au(100)                                             6    36    21             0.768875
Hf_Au(100)                                             6    36    17             0.459219
Ta_Au(100)                                             4    36    17             0.431610
Ta_Au(100)                                             5    36    21             0.713030
Ta_Au(100)                                             5    36    17             0.476958
Ta_Au(100)                                             6    36    13             0.768875
Ta_Au(100)                                             6    36     5             0.695291
Ta_Au(100)                                             6    36    21             0.768875
Ta_Au(100)                                             6    36    17             0.459219
W_Au(100)                                              4    36    17             0.431610
W_Au(100)                                              5    36    21             0.668682
W_Au(100)                                              5    36    17             0.476958
W_Au(100)                                              6    36    13             0.714027
W_Au(100)                                              6    36     5             0.650943
W_Au(100)                                              6    36    21             0.714027
W_Au(100)                                              6    36    17             0.459219
Re_Au(100)                                             4    36    17             0.431610
Re_Au(100)                                             5    36    21             0.668682
Re_Au(100)                                             5    36    17             0.476958
Re_Au(100)                                             6    36    13             0.714027
Re_Au(100)                                             6    36     5             0.650943
Re_Au(100)                                             6    36    21             0.714027
Re_Au(100)                                             6    36    17             0.459219
Os_Au(100)                                             4    36    17             0.431610
Os_Au(100)                                             5    36    21             0.671559
Os_Au(100)                                             5    36    17             0.476958
Os_Au(100)                                             6    36    13             0.697104
Os_Au(100)                                             6    36     5             0.653819
Os_Au(100)                                             6    36    21             0.697104
Os_Au(100)                                             6    36    17             0.459219
Hg_Au(100)                                             4    36    17             0.686596
Hg_Au(100)                                             5    36    21             0.855591
Hg_Au(100)                                             5    36    17             0.645970
Hg_Au(100)                                             6    36    13             0.981390
Hg_Au(100)                                             6    36     5             0.852933
Hg_Au(100)                                             6    36    21             0.981390
Hg_Au(100)                                             6    36    17             0.643311
Tl_Au(100)                                             4    36    17             0.431610
Tl_Au(100)                                             5    36    21             0.653601
Tl_Au(100)                                             5    36    17             0.461877
Tl_Au(100)                                             6    36    13             0.714027
Tl_Au(100)                                             6    36     5             0.650943
Tl_Au(100)                                             6    36    21             0.714027
Tl_Au(100)                                             6    36    17             0.459219
Pb_Au(100)                                             4    36    17             0.431610
Pb_Au(100)                                             5    36    21             0.653601
Pb_Au(100)                                             5    36    17             0.461877
Pb_Au(100)                                             6    36    13             0.681206
Pb_Au(100)                                             6    36     5             0.599948
Pb_Au(100)                                             6    36    21             0.681206
Pb_Au(100)                                             6    36    17             0.408224
Sc_Ag(100)                                             2    36    17             0.438834
Sc_Ag(100)                                             3    36    25             0.668988
Sc_Ag(100)                                             3    36    17             0.460353
Sc_Ag(100)                                             3    36    33             0.668988
Sc_Ag(100)                                             3    36    29             0.524924
Sc_Ag(100)                                             4    36    17             0.457080
Sc_Ag(100)                                             4    36    33             0.619818
Ti_Ag(100)                                             2    36    17             0.438834
Ti_Ag(100)                                             3    36    25             0.603615
Ti_Ag(100)                                             3    36    17             0.460353
Ti_Ag(100)                                             3    36    33             0.603615
Ti_Ag(100)                                             3    36    29             0.524924
Ti_Ag(100)                                             4    36    17             0.472162
Ti_Ag(100)                                             4    36    33             0.634900
V_Ag(100)                                              2    36    17             0.438834
V_Ag(100)                                              3    36    25             0.603615
V_Ag(100)                                              3    36    17             0.812221
V_Ag(100)                                              3    36    33             0.603615
V_Ag(100)                                              3    36    29             0.868320
V_Ag(100)                                              4    36    17             0.472162
V_Ag(100)                                              4    36    33             0.634900
Cr_Ag(100)                                             2    36    17             0.438834
Cr_Ag(100)                                             3    36    25             0.603615
Cr_Ag(100)                                             3    36    17             0.824398
Cr_Ag(100)                                             3    36    33             0.603615
Cr_Ag(100)                                             3    36    29             0.880498
Cr_Ag(100)                                             4    36    17             0.472162
Cr_Ag(100)                                             4    36    33             0.634900
Mn_Ag(100)                                             2    36    17             0.438834
Mn_Ag(100)                                             3    36    25             0.603615
Mn_Ag(100)                                             3    36    17             0.824398
Mn_Ag(100)                                             3    36    33             0.603615
Mn_Ag(100)                                             3    36    29             0.880498
Mn_Ag(100)                                             4    36    17             0.472162
Mn_Ag(100)                                             4    36    33             0.634900
Fe_Ag(100)                                             2    36    17             0.456598
Fe_Ag(100)                                             3    36    25             0.603615
Fe_Ag(100)                                             3    36    17             0.842163
Fe_Ag(100)                                             3    36    33             0.603615
Fe_Ag(100)                                             3    36    29             0.897635
Fe_Ag(100)                                             4    36    17             0.489926
Fe_Ag(100)                                             4    36    33             0.634900
Co_Ag(100)                                             2    36    17             0.456598
Co_Ag(100)                                             3    36    25             0.603615
Co_Ag(100)                                             3    36    17             0.842163
Co_Ag(100)                                             3    36    33             0.603615
Co_Ag(100)                                             3    36    29             0.984730
Co_Ag(100)                                             4    36    17             0.427123
Co_Ag(100)                                             4    36    33             0.572096
Zn_Ag(100)                                             2    36    17             0.471713
Zn_Ag(100)                                             3    36    25             0.603615
Zn_Ag(100)                                             3    36    17             0.832948
Zn_Ag(100)                                             3    36    33             0.603615
Zn_Ag(100)                                             3    36    29             0.985006
Zn_Ag(100)                                             4    36    17             0.486111
Zn_Ag(100)                                             4    36    33             0.634900
Ga_Ag(100)                                             2    36    17             0.438834
Ga_Ag(100)                                             3    36    25             0.603615
Ga_Ag(100)                                             3    36    17             0.460353
Ga_Ag(100)                                             3    36    33             0.603615
Ga_Ag(100)                                             3    36    29             0.533637
Ga_Ag(100)                                             4    36    17             0.472162
Ge_Ag(100)                                             2    36    17             0.438834
Ge_Ag(100)                                             3    36    25             0.603615
Ge_Ag(100)                                             3    36    17             0.460353
Ge_Ag(100)                                             3    36    33             0.603615
Ge_Ag(100)                                             3    36    29             0.544975
Ge_Ag(100)                                             4    36    17             0.472162
Y_Ag(100)                                              2    36    17             0.438834
Y_Ag(100)                                              3    36    25             0.749999
Y_Ag(100)                                              3    36    17             0.472162
Y_Ag(100)                                              3    36    33             0.749999
Y_Ag(100)                                              3    36    29             0.536733
Y_Ag(100)                                              4    36    17             0.457080
Y_Ag(100)                                              4    36    33             0.619818
Zr_Ag(100)                                             2    36    17             0.438834
Zr_Ag(100)                                             3    36    25             0.668988
Zr_Ag(100)                                             3    36    17             0.460353
Zr_Ag(100)                                             3    36    33             0.668988
Zr_Ag(100)                                             3    36    29             0.524924
Zr_Ag(100)                                             4    36    17             0.457080
Zr_Ag(100)                                             4    36    33             0.619818
Nb_Ag(100)                                             2    36    17             0.438834
Nb_Ag(100)                                             3    36    25             0.668988
Nb_Ag(100)                                             3    36    17             0.460353
Nb_Ag(100)                                             3    36    33             0.668988
Nb_Ag(100)                                             3    36    29             0.524924
Nb_Ag(100)                                             4    36    17             0.472162
Nb_Ag(100)                                             4    36    33             0.634900
Mo_Ag(100)                                             2    36    17             0.438834
Mo_Ag(100)                                             3    36    25             0.603615
Mo_Ag(100)                                             3    36    17             0.460353
Mo_Ag(100)                                             3    36    33             0.603615
Mo_Ag(100)                                             3    36    29             0.556043
Mo_Ag(100)                                             4    36    17             0.472162
Mo_Ag(100)                                             4    36    33             0.634900
Tc_Ag(100)                                             2    36    17             0.456598
Tc_Ag(100)                                             3    36    25             0.603615
Tc_Ag(100)                                             3    36    17             0.478118
Tc_Ag(100)                                             3    36    33             0.603615
Tc_Ag(100)                                             3    36    29             0.556043
Tc_Ag(100)                                             4    36    17             0.489926
Tc_Ag(100)                                             4    36    33             0.634900
Ru_Ag(100)                                             2    36    17             0.456598
Ru_Ag(100)                                             3    36    25             0.603615
Ru_Ag(100)                                             3    36    17             0.478118
Ru_Ag(100)                                             3    36    33             0.603615
Ru_Ag(100)                                             3    36    29             0.692641
Ru_Ag(100)                                             4    36    17             0.489926
Ru_Ag(100)                                             4    36    33             0.634900
Cd_Ag(100)                                             2    36    17             0.540980
Cd_Ag(100)                                             3    36    25             0.668988
Cd_Ag(100)                                             3    36    17             0.543569
Cd_Ag(100)                                             3    36    33             0.668988
Cd_Ag(100)                                             3    36    29             0.634830
Cd_Ag(100)                                             4    36    17             0.540296
Cd_Ag(100)                                             4    36    33             0.619818
In_Ag(100)                                             2    36    17             0.438834
In_Ag(100)                                             3    36    25             0.668988
In_Ag(100)                                             3    36    17             0.460353
In_Ag(100)                                             3    36    33             0.668988
In_Ag(100)                                             3    36    29             0.533637
In_Ag(100)                                             4    36    17             0.457080
In_Ag(100)                                             4    36    33             0.619818
Sn_Ag(100)                                             2    36    17             0.438834
Sn_Ag(100)                                             3    36    25             0.668988
Sn_Ag(100)                                             3    36    17             0.460353
Sn_Ag(100)                                             3    36    33             0.668988
Sn_Ag(100)                                             3    36    29             0.497381
Sn_Ag(100)                                             4    36    17             0.457080
Sn_Ag(100)                                             4    36    33             0.619818
Hf_Ag(100)                                             2    36    17             0.438834
Hf_Ag(100)                                             3    36    25             0.668988
Hf_Ag(100)                                             3    36    17             0.460353
Hf_Ag(100)                                             3    36    33             0.668988
Hf_Ag(100)                                             3    36    29             0.524924
Hf_Ag(100)                                             4    36    17             0.457080
Hf_Ag(100)                                             4    36    33             0.619818
Ta_Ag(100)                                             2    36    17             0.438834
Ta_Ag(100)                                             3    36    25             0.668988
Ta_Ag(100)                                             3    36    17             0.460353
Ta_Ag(100)                                             3    36    33             0.668988
Ta_Ag(100)                                             3    36    29             0.524924
Ta_Ag(100)                                             4    36    17             0.472162
Ta_Ag(100)                                             4    36    33             0.634900
W_Ag(100)                                              2    36    17             0.438834
W_Ag(100)                                              3    36    25             0.603615
W_Ag(100)                                              3    36    17             0.460353
W_Ag(100)                                              3    36    33             0.603615
W_Ag(100)                                              3    36    29             0.524924
W_Ag(100)                                              4    36    17             0.472162
W_Ag(100)                                              4    36    33             0.634900
Re_Ag(100)                                             2    36    17             0.438834
Re_Ag(100)                                             3    36    25             0.603615
Re_Ag(100)                                             3    36    17             0.460353
Re_Ag(100)                                             3    36    33             0.603615
Re_Ag(100)                                             3    36    29             0.527673
Re_Ag(100)                                             4    36    17             0.472162
Re_Ag(100)                                             4    36    33             0.634900
Os_Ag(100)                                             2    36    17             0.456598
Os_Ag(100)                                             3    36    25             0.603615
Os_Ag(100)                                             3    36    17             0.478118
Os_Ag(100)                                             3    36    33             0.603615
Os_Ag(100)                                             3    36    29             0.692641
Os_Ag(100)                                             4    36    17             0.489926
Os_Ag(100)                                             4    36    33             0.634900
Hg_Ag(100)                                             2    36    17             0.656059
Hg_Ag(100)                                             3    36    25             0.668988
Hg_Ag(100)                                             3    36    17             0.625777
Hg_Ag(100)                                             3    36    33             0.668988
Hg_Ag(100)                                             3    36    29             0.629155
Hg_Ag(100)                                             4    36    17             0.622504
Hg_Ag(100)                                             4    36    33             0.619818
Tl_Ag(100)                                             2    36    17             0.438834
Tl_Ag(100)                                             3    36    25             0.668988
Tl_Ag(100)                                             3    36    17             0.460353
Tl_Ag(100)                                             3    36    33             0.668988
Tl_Ag(100)                                             3    36    29             0.533637
Tl_Ag(100)                                             4    36    17             0.457080
Tl_Ag(100)                                             4    36    33             0.619818
Pb_Ag(100)                                             2    36    17             0.438834
Pb_Ag(100)                                             3    36    25             0.655748
Pb_Ag(100)                                             3    36    17             0.409358
Pb_Ag(100)                                             3    36    33             0.655748
Pb_Ag(100)                                             3    36    29             0.482642
Pb_Ag(100)                                             4    36    17             0.457080
Pb_Ag(100)                                             4    36    33             0.619818
Sc_Cu(100)                                             0    36     1             0.651483
Sc_Cu(100)                                             0    36     5             0.527109
Sc_Cu(100)                                             0    36    13             0.527109
Sc_Cu(100)                                             0    36    17             0.546498
Sc_Cu(100)                                             1    36     1             0.673446
Sc_Cu(100)                                             1    36     5             0.549073
Sc_Cu(100)                                             1    36    13             0.515301
Sc_Cu(100)                                             1    36    17             0.534689
Sc_Cu(100)                                             1    36    25             0.651580
Sc_Cu(100)                                             1    36    29             0.527207
Sc_Cu(100)                                             4    36    17             0.527665
Sc_Cu(100)                                             7    36     1             0.651483
Sc_Cu(100)                                             7    36     5             0.512028
Sc_Cu(100)                                             7    36    13             0.943773
Sc_Cu(100)                                             7    36    17             0.546498
Sc_Cu(100)                                             7    36    21             0.573602
Sc_Cu(100)                                             7    36    25             0.823563
Sc_Cu(100)                                             8    36    17             0.527652
Sc_Cu(100)                                             9    36     5             0.610077
Sc_Cu(100)                                             9    36    13             0.527109
Sc_Cu(100)                                             9    36    17             0.828534
Sc_Cu(100)                                             9    36    21             0.610077
Sc_Cu(100)                                             9    36    25             0.636401
Sc_Cu(100)                                             9    36    29             0.527109
Sc_Cu(100)                                             9    36    33             0.784827
Sc_Cu(100)                                            10    36    17             0.701871
Sc_Cu(100)                                            12    36     5             0.607763
Sc_Cu(100)                                            12    36     9             0.759588
Sc_Cu(100)                                            12    36    13             0.607763
Sc_Cu(100)                                            12    36    17             0.531416
Sc_Cu(100)                                            12    36    29             0.464306
Sc_Cu(100)                                            12    36    33             0.892559
Ti_Cu(100)                                             0    36     1             0.588679
Ti_Cu(100)                                             0    36     5             0.464306
Ti_Cu(100)                                             0    36    13             0.464306
Ti_Cu(100)                                             0    36    17             0.400280
Ti_Cu(100)                                             1    36     1             0.651580
Ti_Cu(100)                                             1    36     5             0.527207
Ti_Cu(100)                                             1    36    13             0.879345
Ti_Cu(100)                                             1    36    17             0.815320
Ti_Cu(100)                                             1    36    25             0.651580
Ti_Cu(100)                                             1    36    29             0.527207
Ti_Cu(100)                                             4    36    17             0.444251
Ti_Cu(100)                                             7    36     1             0.588679
Ti_Cu(100)                                             7    36     5             0.512028
Ti_Cu(100)                                             7    36     9             0.857724
Ti_Cu(100)                                             7    36    13             0.943773
Ti_Cu(100)                                             7    36    17             0.400280
Ti_Cu(100)                                             7    36    21             0.610077
Ti_Cu(100)                                             7    36    25             0.729312
Ti_Cu(100)                                             7    36    29             0.607763
Ti_Cu(100)                                             8    36    17             0.456609
Ti_Cu(100)                                             9    36     1             0.857724
Ti_Cu(100)                                             9    36     5             0.550722
Ti_Cu(100)                                             9    36    13             0.464306
Ti_Cu(100)                                             9    36    17             0.879747
Ti_Cu(100)                                             9    36    21             0.550722
Ti_Cu(100)                                             9    36    25             0.636401
Ti_Cu(100)                                             9    36    29             0.464306
Ti_Cu(100)                                             9    36    33             0.857724
Ti_Cu(100)                                            10    36    17             0.524807
Ti_Cu(100)                                            12    36     5             0.607763
Ti_Cu(100)                                            12    36     9             0.729312
Ti_Cu(100)                                            12    36    13             0.607763
Ti_Cu(100)                                            12    36    17             0.448003
Ti_Cu(100)                                            12    36    29             0.515301
Ti_Cu(100)                                            12    36    33             1.062433
V_Cu(100)                                              0    36     1             0.588679
V_Cu(100)                                              0    36     5             0.464306
V_Cu(100)                                              0    36    13             0.464306
V_Cu(100)                                              0    36    17             0.400280
V_Cu(100)                                              1    36     1             0.651580
V_Cu(100)                                              1    36     5             0.527207
V_Cu(100)                                              1    36    13             0.943773
V_Cu(100)                                              1    36    17             0.879747
V_Cu(100)                                              1    36    25             0.651580
V_Cu(100)                                              1    36    29             0.527207
V_Cu(100)                                              4    36    17             0.444251
V_Cu(100)                                              7    36     1             0.639674
V_Cu(100)                                              7    36     5             0.512028
V_Cu(100)                                              7    36     9             0.857724
V_Cu(100)                                              7    36    13             0.943773
V_Cu(100)                                              7    36    17             0.451275
V_Cu(100)                                              7    36    21             0.539565
V_Cu(100)                                              7    36    25             0.742552
V_Cu(100)                                              7    36    29             0.607763
V_Cu(100)                                              8    36    17             0.456609
V_Cu(100)                                              9    36     1             0.857724
V_Cu(100)                                              9    36     5             0.539565
V_Cu(100)                                              9    36    13             0.515301
V_Cu(100)                                              9    36    17             0.879747
V_Cu(100)                                              9    36    21             0.552805
V_Cu(100)                                              9    36    25             0.636401
V_Cu(100)                                              9    36    29             0.515301
V_Cu(100)                                              9    36    33             0.857724
V_Cu(100)                                             10    36    17             0.524807
V_Cu(100)                                             12    36     5             0.607763
V_Cu(100)                                             12    36     9             0.742552
V_Cu(100)                                             12    36    13             0.607763
V_Cu(100)                                             12    36    17             0.448003
V_Cu(100)                                             12    36    29             0.515301
V_Cu(100)                                             12    36    33             1.062433
Cr_Cu(100)                                             0    36     1             0.588679
Cr_Cu(100)                                             0    36     5             0.464306
Cr_Cu(100)                                             0    36    13             0.464306
Cr_Cu(100)                                             0    36    17             0.400280
Cr_Cu(100)                                             1    36     1             0.651580
Cr_Cu(100)                                             1    36     5             0.527207
Cr_Cu(100)                                             1    36    13             0.943773
Cr_Cu(100)                                             1    36    17             0.879747
Cr_Cu(100)                                             1    36    25             0.651580
Cr_Cu(100)                                             1    36    29             0.527207
Cr_Cu(100)                                             4    36    17             0.444251
Cr_Cu(100)                                             7    36     1             0.639674
Cr_Cu(100)                                             7    36     5             0.512028
Cr_Cu(100)                                             7    36     9             0.857724
Cr_Cu(100)                                             7    36    13             0.943773
Cr_Cu(100)                                             7    36    17             0.451275
Cr_Cu(100)                                             7    36    21             0.539565
Cr_Cu(100)                                             7    36    25             0.742552
Cr_Cu(100)                                             7    36    29             0.607763
Cr_Cu(100)                                             8    36    17             0.456609
Cr_Cu(100)                                             9    36     1             0.857724
Cr_Cu(100)                                             9    36     5             0.539565
Cr_Cu(100)                                             9    36    13             0.515301
Cr_Cu(100)                                             9    36    17             0.879747
Cr_Cu(100)                                             9    36    21             0.552805
Cr_Cu(100)                                             9    36    25             0.636401
Cr_Cu(100)                                             9    36    29             0.515301
Cr_Cu(100)                                             9    36    33             0.857724
Cr_Cu(100)                                            10    36    17             0.524807
Cr_Cu(100)                                            12    36    17             0.448003
Mn_Cu(100)                                             0    36     1             0.588679
Mn_Cu(100)                                             0    36     5             0.489100
Mn_Cu(100)                                             0    36    13             0.489100
Mn_Cu(100)                                             0    36    17             0.400280
Mn_Cu(100)                                             1    36     1             0.651580
Mn_Cu(100)                                             1    36     5             0.552002
Mn_Cu(100)                                             1    36    13             0.968567
Mn_Cu(100)                                             1    36    17             0.879747
Mn_Cu(100)                                             1    36    25             0.651580
Mn_Cu(100)                                             1    36    29             0.552002
Mn_Cu(100)                                             4    36    17             0.444251
Mn_Cu(100)                                             7    36     1             0.639674
Mn_Cu(100)                                             7    36     5             0.536823
Mn_Cu(100)                                             7    36     9             0.857724
Mn_Cu(100)                                             7    36    13             0.968567
Mn_Cu(100)                                             7    36    17             0.451275
Mn_Cu(100)                                             7    36    21             0.564360
Mn_Cu(100)                                             7    36    25             0.742552
Mn_Cu(100)                                             7    36    29             0.651677
Mn_Cu(100)                                             8    36    17             0.456609
Mn_Cu(100)                                             9    36     1             0.857724
Mn_Cu(100)                                             9    36     5             0.564360
Mn_Cu(100)                                             9    36    13             0.540095
Mn_Cu(100)                                             9    36    17             0.879747
Mn_Cu(100)                                             9    36    21             0.577600
Mn_Cu(100)                                             9    36    25             0.636401
Mn_Cu(100)                                             9    36    29             0.540095
Mn_Cu(100)                                             9    36    33             0.857724
Mn_Cu(100)                                            10    36    17             0.524807
Mn_Cu(100)                                            12    36    17             0.448003
Fe_Cu(100)                                             0    36     1             0.639674
Fe_Cu(100)                                             0    36     5             0.489100
Fe_Cu(100)                                             0    36    13             0.489100
Fe_Cu(100)                                             0    36    17             0.418045
Fe_Cu(100)                                             1    36     1             0.651580
Fe_Cu(100)                                             1    36     5             0.552002
Fe_Cu(100)                                             1    36    13             0.968567
Fe_Cu(100)                                             1    36    17             0.897512
Fe_Cu(100)                                             1    36    25             0.651580
Fe_Cu(100)                                             1    36    29             0.552002
Fe_Cu(100)                                             4    36    17             0.462016
Fe_Cu(100)                                             7    36     1             0.639674
Fe_Cu(100)                                             7    36     5             0.536823
Fe_Cu(100)                                             7    36     9             0.857724
Fe_Cu(100)                                             7    36    13             0.968567
Fe_Cu(100)                                             7    36    17             0.469040
Fe_Cu(100)                                             7    36    21             0.564360
Fe_Cu(100)                                             7    36    25             0.742552
Fe_Cu(100)                                             7    36    29             0.651677
Fe_Cu(100)                                             8    36    17             0.474374
Fe_Cu(100)                                             9    36     1             0.857724
Fe_Cu(100)                                             9    36     5             0.577600
Fe_Cu(100)                                             9    36    13             0.540095
Fe_Cu(100)                                             9    36    17             0.897512
Fe_Cu(100)                                             9    36    21             0.577600
Fe_Cu(100)                                             9    36    25             0.636401
Fe_Cu(100)                                             9    36    29             0.540095
Fe_Cu(100)                                             9    36    33             0.857724
Fe_Cu(100)                                            10    36    17             0.542571
Fe_Cu(100)                                            12    36    17             0.465767
Co_Cu(100)                                             0    36     1             0.639674
Co_Cu(100)                                             0    36     5             0.641578
Co_Cu(100)                                             0    36    13             0.641578
Co_Cu(100)                                             0    36    17             0.418045
Co_Cu(100)                                             1    36     1             0.651580
Co_Cu(100)                                             1    36     5             0.653484
Co_Cu(100)                                             1    36    13             1.070050
Co_Cu(100)                                             1    36    17             0.897512
Co_Cu(100)                                             1    36    25             0.651580
Co_Cu(100)                                             1    36    29             0.653484
Co_Cu(100)                                             4    36    17             0.462016
Co_Cu(100)                                             7    36     1             0.639674
Co_Cu(100)                                             7    36     5             0.638305
Co_Cu(100)                                             7    36     9             0.857724
Co_Cu(100)                                             7    36    13             1.070050
Co_Cu(100)                                             7    36    17             0.469040
Co_Cu(100)                                             7    36    21             0.744456
Co_Cu(100)                                             7    36    25             0.742552
Co_Cu(100)                                             7    36    29             0.843352
Co_Cu(100)                                             8    36    17             0.474374
Co_Cu(100)                                             9    36     1             0.857724
Co_Cu(100)                                             9    36     5             0.744456
Co_Cu(100)                                             9    36    13             0.641578
Co_Cu(100)                                             9    36    17             0.897512
Co_Cu(100)                                             9    36    21             0.744456
Co_Cu(100)                                             9    36    25             0.636401
Co_Cu(100)                                             9    36    29             0.641578
Co_Cu(100)                                             9    36    33             0.857724
Co_Cu(100)                                            10    36    17             0.542571
Co_Cu(100)                                            12    36    17             0.465767
Zn_Cu(100)                                             0    36     1             0.588679
Zn_Cu(100)                                             0    36     5             0.590583
Zn_Cu(100)                                             0    36    13             0.590583
Zn_Cu(100)                                             0    36    17             0.444628
Zn_Cu(100)                                             1    36     1             0.651580
Zn_Cu(100)                                             1    36     5             0.653484
Zn_Cu(100)                                             1    36    13             1.070050
Zn_Cu(100)                                             1    36    17             0.924096
Zn_Cu(100)                                             1    36    25             0.651580
Zn_Cu(100)                                             1    36    29             0.653484
Zn_Cu(100)                                             4    36    17             0.507530
Zn_Cu(100)                                             7    36     1             0.639674
Zn_Cu(100)                                             7    36     5             0.638305
Zn_Cu(100)                                             7    36     9             0.857724
Zn_Cu(100)                                             7    36    13             1.070050
Zn_Cu(100)                                             7    36    17             0.495623
Zn_Cu(100)                                             7    36    21             0.731216
Zn_Cu(100)                                             7    36    25             0.742552
Zn_Cu(100)                                             7    36    29             0.843352
Zn_Cu(100)                                             8    36    17             0.519888
Zn_Cu(100)                                             9    36     1             0.857724
Zn_Cu(100)                                             9    36     5             0.731216
Zn_Cu(100)                                             9    36    13             0.641578
Zn_Cu(100)                                             9    36    17             0.924096
Zn_Cu(100)                                             9    36    21             0.744456
Zn_Cu(100)                                             9    36    25             0.636401
Zn_Cu(100)                                             9    36    29             0.641578
Zn_Cu(100)                                             9    36    33             0.857724
Zn_Cu(100)                                            10    36    17             0.607205
Zn_Cu(100)                                            12    36    17             0.492351
Ga_Cu(100)                                             0    36     1             0.588679
Ga_Cu(100)                                             0    36     5             0.464306
Ga_Cu(100)                                             0    36    13             0.464306
Ga_Cu(100)                                             0    36    17             0.400280
Ga_Cu(100)                                             1    36     1             0.651580
Ga_Cu(100)                                             1    36     5             0.527207
Ga_Cu(100)                                             1    36    13             0.879345
Ga_Cu(100)                                             1    36    17             0.815320
Ga_Cu(100)                                             1    36    25             0.651580
Ga_Cu(100)                                             1    36    29             0.527207
Ga_Cu(100)                                             4    36    17             0.444251
Ga_Cu(100)                                             7    36     1             0.588679
Ga_Cu(100)                                             7    36     5             0.512028
Ga_Cu(100)                                             7    36     9             0.857724
Ga_Cu(100)                                             7    36    13             0.943773
Ga_Cu(100)                                             7    36    17             0.400280
Ga_Cu(100)                                             7    36    21             0.550722
Ga_Cu(100)                                             7    36    25             0.742552
Ga_Cu(100)                                             7    36    29             0.607763
Ga_Cu(100)                                             8    36    17             0.456609
Ga_Cu(100)                                             9    36     1             0.857724
Ga_Cu(100)                                             9    36     5             0.550722
Ga_Cu(100)                                             9    36    13             0.464306
Ga_Cu(100)                                             9    36    17             0.879747
Ga_Cu(100)                                             9    36    21             0.539565
Ga_Cu(100)                                             9    36    25             0.636401
Ga_Cu(100)                                             9    36    29             0.515301
Ga_Cu(100)                                             9    36    33             0.857724
Ga_Cu(100)                                            10    36    17             0.524807
Ga_Cu(100)                                            12    36    17             0.448003
Ge_Cu(100)                                             0    36     1             0.588679
Ge_Cu(100)                                             0    36     5             0.473019
Ge_Cu(100)                                             0    36    13             0.473019
Ge_Cu(100)                                             0    36    17             0.400280
Ge_Cu(100)                                             1    36     1             0.651580
Ge_Cu(100)                                             1    36     5             0.535920
Ge_Cu(100)                                             1    36    13             0.952486
Ge_Cu(100)                                             1    36    17             0.815320
Ge_Cu(100)                                             1    36    25             0.651580
Ge_Cu(100)                                             1    36    29             0.535920
Ge_Cu(100)                                             4    36    17             0.444251
Ge_Cu(100)                                             7    36     1             0.639674
Ge_Cu(100)                                             7    36     5             0.520741
Ge_Cu(100)                                             7    36     9             0.857724
Ge_Cu(100)                                             7    36    13             0.952486
Ge_Cu(100)                                             7    36    17             0.400280
Ge_Cu(100)                                             7    36    21             0.559435
Ge_Cu(100)                                             7    36    25             0.742552
Ge_Cu(100)                                             7    36    29             0.616476
Ge_Cu(100)                                             8    36    17             0.456609
Ge_Cu(100)                                             9    36     1             0.857724
Ge_Cu(100)                                             9    36     5             0.559435
Ge_Cu(100)                                             9    36    13             0.524014
Ge_Cu(100)                                             9    36    17             0.879747
Ge_Cu(100)                                             9    36    21             0.548278
Ge_Cu(100)                                             9    36    25             0.636401
Ge_Cu(100)                                             9    36    29             0.524014
Ge_Cu(100)                                             9    36    33             0.857724
Ge_Cu(100)                                            10    36    17             0.524807
Ge_Cu(100)                                            12    36    17             0.448003
Y_Cu(100)                                              0    36     1             0.610523
Y_Cu(100)                                              0    36     5             0.610523
Y_Cu(100)                                              0    36    13             0.610523
Y_Cu(100)                                              0    36    17             0.546498
Y_Cu(100)                                              1    36     1             0.646198
Y_Cu(100)                                              1    36     5             0.646198
Y_Cu(100)                                              1    36    13             0.598714
Y_Cu(100)                                              1    36    17             0.483694
Y_Cu(100)                                              1    36    25             0.646198
Y_Cu(100)                                              1    36    29             0.646198
Y_Cu(100)                                              4    36    17             0.546595
Y_Cu(100)                                              7    36     1             0.595442
Y_Cu(100)                                              7    36     5             0.595442
Y_Cu(100)                                              7    36    13             0.892559
Y_Cu(100)                                              7    36    17             0.531416
Y_Cu(100)                                              7    36    21             0.644644
Y_Cu(100)                                              7    36    25             0.644644
Y_Cu(100)                                              8    36    17             0.527652
Y_Cu(100)                                              9    36     5             0.644644
Y_Cu(100)                                              9    36    13             0.595442
Y_Cu(100)                                              9    36    17             0.828534
Y_Cu(100)                                              9    36    21             0.644644
Y_Cu(100)                                              9    36    25             0.595442
Y_Cu(100)                                              9    36    29             0.595442
Y_Cu(100)                                             10    36    17             0.701871
Y_Cu(100)                                             12    36     9             0.681119
Y_Cu(100)                                             12    36    17             0.531416
Y_Cu(100)                                             12    36    29             0.610523
Y_Cu(100)                                             12    36    33             0.892559
Zr_Cu(100)                                             0    36     1             0.610523
Zr_Cu(100)                                             0    36     5             0.610523
Zr_Cu(100)                                             0    36    13             0.610523
Zr_Cu(100)                                             0    36    17             0.546498
Zr_Cu(100)                                             1    36     1             0.632486
Zr_Cu(100)                                             1    36     5             0.632486
Zr_Cu(100)                                             1    36    13             0.598714
Zr_Cu(100)                                             1    36    17             0.534689
Zr_Cu(100)                                             1    36    25             0.610621
Zr_Cu(100)                                             1    36    29             0.632486
Zr_Cu(100)                                             4    36    17             0.527665
Zr_Cu(100)                                             7    36     1             0.610523
Zr_Cu(100)                                             7    36     5             0.595442
Zr_Cu(100)                                             7    36    13             0.892559
Zr_Cu(100)                                             7    36    17             0.546498
Zr_Cu(100)                                             7    36    21             0.644644
Zr_Cu(100)                                             7    36    25             0.681119
Zr_Cu(100)                                             8    36    17             0.527652
Zr_Cu(100)                                             9    36     5             0.681119
Zr_Cu(100)                                             9    36    13             0.610523
Zr_Cu(100)                                             9    36    17             0.828534
Zr_Cu(100)                                             9    36    21             0.681119
Zr_Cu(100)                                             9    36    25             0.595442
Zr_Cu(100)                                             9    36    29             0.610523
Zr_Cu(100)                                             9    36    33             0.784827
Zr_Cu(100)                                            10    36    17             0.701871
Zr_Cu(100)                                            12    36     5             0.784827
Zr_Cu(100)                                            12    36     9             0.621764
Zr_Cu(100)                                            12    36    13             0.784827
Zr_Cu(100)                                            12    36    17             0.531416
Zr_Cu(100)                                            12    36    29             0.547719
Zr_Cu(100)                                            12    36    33             0.892559
Nb_Cu(100)                                             0    36     1             0.588679
Nb_Cu(100)                                             0    36     5             0.464306
Nb_Cu(100)                                             0    36    13             0.464306
Nb_Cu(100)                                             0    36    17             0.400280
Nb_Cu(100)                                             1    36     1             0.651580
Nb_Cu(100)                                             1    36     5             0.527207
Nb_Cu(100)                                             1    36    13             0.879345
Nb_Cu(100)                                             1    36    17             0.815320
Nb_Cu(100)                                             1    36    25             0.651580
Nb_Cu(100)                                             1    36    29             0.527207
Nb_Cu(100)                                             4    36    17             0.444251
Nb_Cu(100)                                             7    36     1             0.588679
Nb_Cu(100)                                             7    36     5             0.512028
Nb_Cu(100)                                             7    36     9             0.857724
Nb_Cu(100)                                             7    36    13             0.943773
Nb_Cu(100)                                             7    36    17             0.400280
Nb_Cu(100)                                             7    36    21             0.610077
Nb_Cu(100)                                             7    36    25             0.759588
Nb_Cu(100)                                             7    36    29             0.607763
Nb_Cu(100)                                             8    36    17             0.456609
Nb_Cu(100)                                             9    36     1             0.857724
Nb_Cu(100)                                             9    36     5             0.610077
Nb_Cu(100)                                             9    36    13             0.464306
Nb_Cu(100)                                             9    36    17             0.879747
Nb_Cu(100)                                             9    36    21             0.550722
Nb_Cu(100)                                             9    36    25             0.636401
Nb_Cu(100)                                             9    36    29             0.464306
Nb_Cu(100)                                             9    36    33             0.857724
Nb_Cu(100)                                            10    36    17             0.524807
Nb_Cu(100)                                            12    36     5             0.607763
Nb_Cu(100)                                            12    36     9             0.729312
Nb_Cu(100)                                            12    36    13             0.607763
Nb_Cu(100)                                            12    36    17             0.448003
Nb_Cu(100)                                            12    36    29             0.515301
Nb_Cu(100)                                            12    36    33             1.062433
Mo_Cu(100)                                             0    36     1             0.588679
Mo_Cu(100)                                             0    36     5             0.480470
Mo_Cu(100)                                             0    36    13             0.480470
Mo_Cu(100)                                             0    36    17             0.400280
Mo_Cu(100)                                             1    36     1             0.651580
Mo_Cu(100)                                             1    36     5             0.532395
Mo_Cu(100)                                             1    36    13             0.895510
Mo_Cu(100)                                             1    36    17             0.815320
Mo_Cu(100)                                             1    36    25             0.651580
Mo_Cu(100)                                             1    36    29             0.532395
Mo_Cu(100)                                             4    36    17             0.444251
Mo_Cu(100)                                             7    36     1             0.588679
Mo_Cu(100)                                             7    36     5             0.530580
Mo_Cu(100)                                             7    36     9             0.857724
Mo_Cu(100)                                             7    36    13             0.959937
Mo_Cu(100)                                             7    36    17             0.400280
Mo_Cu(100)                                             7    36    21             0.587908
Mo_Cu(100)                                             7    36    25             0.729312
Mo_Cu(100)                                             7    36    29             0.644948
Mo_Cu(100)                                             8    36    17             0.456609
Mo_Cu(100)                                             9    36     1             0.857724
Mo_Cu(100)                                             9    36     5             0.587908
Mo_Cu(100)                                             9    36    13             0.480470
Mo_Cu(100)                                             9    36    17             0.879747
Mo_Cu(100)                                             9    36    21             0.587908
Mo_Cu(100)                                             9    36    25             0.636401
Mo_Cu(100)                                             9    36    29             0.480470
Mo_Cu(100)                                             9    36    33             0.857724
Mo_Cu(100)                                            10    36    17             0.524807
Mo_Cu(100)                                            12    36     5             0.644948
Mo_Cu(100)                                            12    36     9             0.729312
Mo_Cu(100)                                            12    36    13             0.644948
Mo_Cu(100)                                            12    36    17             0.448003
Mo_Cu(100)                                            12    36    29             0.531465
Mo_Cu(100)                                            12    36    33             1.062433
Tc_Cu(100)                                             0    36     1             0.588679
Tc_Cu(100)                                             0    36     5             0.483425
Tc_Cu(100)                                             0    36    13             0.483425
Tc_Cu(100)                                             0    36    17             0.418045
Tc_Cu(100)                                             1    36     1             0.651580
Tc_Cu(100)                                             1    36     5             0.539654
Tc_Cu(100)                                             1    36    13             0.898465
Tc_Cu(100)                                             1    36    17             0.833085
Tc_Cu(100)                                             1    36    25             0.651580
Tc_Cu(100)                                             1    36    29             0.539654
Tc_Cu(100)                                             4    36    17             0.462016
Tc_Cu(100)                                             7    36     1             0.588679
Tc_Cu(100)                                             7    36     5             0.531148
Tc_Cu(100)                                             7    36     9             0.857724
Tc_Cu(100)                                             7    36    13             0.962892
Tc_Cu(100)                                             7    36    17             0.418045
Tc_Cu(100)                                             7    36    21             0.582289
Tc_Cu(100)                                             7    36    25             0.742552
Tc_Cu(100)                                             7    36    29             0.639330
Tc_Cu(100)                                             8    36    17             0.474374
Tc_Cu(100)                                             9    36     1             0.857724
Tc_Cu(100)                                             9    36     5             0.582289
Tc_Cu(100)                                             9    36    13             0.483425
Tc_Cu(100)                                             9    36    17             0.897512
Tc_Cu(100)                                             9    36    21             0.552012
Tc_Cu(100)                                             9    36    25             0.636401
Tc_Cu(100)                                             9    36    29             0.483425
Tc_Cu(100)                                             9    36    33             0.857724
Tc_Cu(100)                                            10    36    17             0.542571
Tc_Cu(100)                                            12    36    17             0.465767
Ru_Cu(100)                                             0    36     1             0.588679
Ru_Cu(100)                                             0    36     5             0.664663
Ru_Cu(100)                                             0    36    13             0.664663
Ru_Cu(100)                                             0    36    17             0.418045
Ru_Cu(100)                                             1    36     1             0.651580
Ru_Cu(100)                                             1    36     5             0.716588
Ru_Cu(100)                                             1    36    13             1.079703
Ru_Cu(100)                                             1    36    17             0.833085
Ru_Cu(100)                                             1    36    25             0.651580
Ru_Cu(100)                                             1    36    29             0.716588
Ru_Cu(100)                                             4    36    17             0.462016
Ru_Cu(100)                                             7    36     1             0.588679
Ru_Cu(100)                                             7    36     5             0.714773
Ru_Cu(100)                                             7    36     9             0.857724
Ru_Cu(100)                                             7    36    13             1.104952
Ru_Cu(100)                                             7    36    17             0.418045
Ru_Cu(100)                                             7    36    21             0.837474
Ru_Cu(100)                                             7    36    25             0.742552
Ru_Cu(100)                                             7    36    29             0.919333
Ru_Cu(100)                                             8    36    17             0.474374
Ru_Cu(100)                                             9    36     1             0.857724
Ru_Cu(100)                                             9    36     5             0.837474
Ru_Cu(100)                                             9    36    13             0.664663
Ru_Cu(100)                                             9    36    17             0.897512
Ru_Cu(100)                                             9    36    21             0.807197
Ru_Cu(100)                                             9    36    25             0.636401
Ru_Cu(100)                                             9    36    29             0.715658
Ru_Cu(100)                                             9    36    33             0.857724
Ru_Cu(100)                                            10    36    17             0.542571
Ru_Cu(100)                                            12    36    17             0.465767
Cd_Cu(100)                                             0    36     1             0.588679
Cd_Cu(100)                                             0    36     5             0.596295
Cd_Cu(100)                                             0    36    13             0.596295
Cd_Cu(100)                                             0    36    17             0.479137
Cd_Cu(100)                                             1    36     1             0.651580
Cd_Cu(100)                                             1    36     5             0.659197
Cd_Cu(100)                                             1    36    13             0.999158
Cd_Cu(100)                                             1    36    17             0.640440
Cd_Cu(100)                                             1    36    25             0.651580
Cd_Cu(100)                                             1    36    29             0.659197
Cd_Cu(100)                                             4    36    17             0.542039
Cd_Cu(100)                                             7    36     1             0.588679
Cd_Cu(100)                                             7    36     5             0.644018
Cd_Cu(100)                                             7    36    13             1.070050
Cd_Cu(100)                                             7    36    17             0.479137
Cd_Cu(100)                                             7    36    21             0.831179
Cd_Cu(100)                                             7    36    25             0.759588
Cd_Cu(100)                                             7    36    29             0.865340
Cd_Cu(100)                                             8    36    17             0.554397
Cd_Cu(100)                                             9    36     1             0.857724
Cd_Cu(100)                                             9    36     5             0.831179
Cd_Cu(100)                                             9    36    13             0.596295
Cd_Cu(100)                                             9    36    17             0.958604
Cd_Cu(100)                                             9    36    21             0.767205
Cd_Cu(100)                                             9    36    25             0.636401
Cd_Cu(100)                                             9    36    29             0.596295
Cd_Cu(100)                                             9    36    33             0.857724
Cd_Cu(100)                                            10    36    17             0.666533
Cd_Cu(100)                                            12    36    17             0.526860
In_Cu(100)                                             0    36     1             0.651483
In_Cu(100)                                             0    36     5             0.527109
In_Cu(100)                                             0    36    13             0.527109
In_Cu(100)                                             0    36    17             0.463084
In_Cu(100)                                             1    36     1             0.673446
In_Cu(100)                                             1    36     5             0.549073
In_Cu(100)                                             1    36    13             0.515301
In_Cu(100)                                             1    36    17             0.451275
In_Cu(100)                                             1    36    25             0.651580
In_Cu(100)                                             1    36    29             0.527207
In_Cu(100)                                             4    36    17             0.444251
In_Cu(100)                                             7    36     1             0.651483
In_Cu(100)                                             7    36     5             0.512028
In_Cu(100)                                             7    36    13             0.943773
In_Cu(100)                                             7    36    17             0.463084
In_Cu(100)                                             7    36    21             0.610077
In_Cu(100)                                             7    36    25             0.759588
In_Cu(100)                                             7    36    29             0.607763
In_Cu(100)                                             8    36    17             0.456609
In_Cu(100)                                             9    36     5             0.610077
In_Cu(100)                                             9    36    13             0.527109
In_Cu(100)                                             9    36    17             0.879747
In_Cu(100)                                             9    36    21             0.610077
In_Cu(100)                                             9    36    25             0.636401
In_Cu(100)                                             9    36    29             0.527109
In_Cu(100)                                             9    36    33             0.857724
In_Cu(100)                                            10    36    17             0.524807
In_Cu(100)                                            12    36    17             0.448003
Sn_Cu(100)                                             0    36     1             0.651483
Sn_Cu(100)                                             0    36     5             0.521505
Sn_Cu(100)                                             0    36    13             0.521505
Sn_Cu(100)                                             0    36    17             0.463084
Sn_Cu(100)                                             1    36     1             0.673446
Sn_Cu(100)                                             1    36     5             0.543468
Sn_Cu(100)                                             1    36    13             0.509696
Sn_Cu(100)                                             1    36    17             0.451275
Sn_Cu(100)                                             1    36    25             0.651580
Sn_Cu(100)                                             1    36    29             0.521603
Sn_Cu(100)                                             4    36    17             0.444251
Sn_Cu(100)                                             7    36     1             0.651483
Sn_Cu(100)                                             7    36     5             0.506424
Sn_Cu(100)                                             7    36    13             0.938168
Sn_Cu(100)                                             7    36    17             0.463084
Sn_Cu(100)                                             7    36    21             0.604473
Sn_Cu(100)                                             7    36    25             0.759588
Sn_Cu(100)                                             7    36    29             0.602158
Sn_Cu(100)                                             8    36    17             0.456609
Sn_Cu(100)                                             9    36     5             0.604473
Sn_Cu(100)                                             9    36    13             0.521505
Sn_Cu(100)                                             9    36    17             0.879747
Sn_Cu(100)                                             9    36    21             0.604473
Sn_Cu(100)                                             9    36    25             0.636401
Sn_Cu(100)                                             9    36    29             0.521505
Sn_Cu(100)                                             9    36    33             0.857724
Sn_Cu(100)                                            10    36    17             0.524807
Sn_Cu(100)                                            12    36    17             0.448003
Hf_Cu(100)                                             0    36     1             0.610523
Hf_Cu(100)                                             0    36     5             0.610523
Hf_Cu(100)                                             0    36    13             0.610523
Hf_Cu(100)                                             0    36    17             0.546498
Hf_Cu(100)                                             1    36     1             0.632486
Hf_Cu(100)                                             1    36     5             0.632486
Hf_Cu(100)                                             1    36    13             0.598714
Hf_Cu(100)                                             1    36    17             0.534689
Hf_Cu(100)                                             1    36    25             0.610621
Hf_Cu(100)                                             1    36    29             0.610621
Hf_Cu(100)                                             4    36    17             0.527665
Hf_Cu(100)                                             7    36     1             0.610523
Hf_Cu(100)                                             7    36     5             0.595442
Hf_Cu(100)                                             7    36    13             0.892559
Hf_Cu(100)                                             7    36    17             0.546498
Hf_Cu(100)                                             7    36    21             0.644644
Hf_Cu(100)                                             7    36    25             0.681119
Hf_Cu(100)                                             8    36    17             0.527652
Hf_Cu(100)                                             9    36     5             0.681119
Hf_Cu(100)                                             9    36    13             0.610523
Hf_Cu(100)                                             9    36    17             0.828534
Hf_Cu(100)                                             9    36    21             0.681119
Hf_Cu(100)                                             9    36    25             0.595442
Hf_Cu(100)                                             9    36    29             0.610523
Hf_Cu(100)                                             9    36    33             0.784827
Hf_Cu(100)                                            10    36    17             0.701871
Hf_Cu(100)                                            12    36     5             0.784827
Hf_Cu(100)                                            12    36     9             0.621764
Hf_Cu(100)                                            12    36    13             0.784827
Hf_Cu(100)                                            12    36    17             0.531416
Hf_Cu(100)                                            12    36    29             0.547719
Hf_Cu(100)                                            12    36    33             0.892559
Ta_Cu(100)                                             0    36     1             0.588679
Ta_Cu(100)                                             0    36     5             0.464306
Ta_Cu(100)                                             0    36    13             0.464306
Ta_Cu(100)                                             0    36    17             0.483694
Ta_Cu(100)                                             1    36     1             0.651580
Ta_Cu(100)                                             1    36     5             0.527207
Ta_Cu(100)                                             1    36    13             0.879345
Ta_Cu(100)                                             1    36    17             0.764107
Ta_Cu(100)                                             1    36    25             0.651580
Ta_Cu(100)                                             1    36    29             0.527207
Ta_Cu(100)                                             4    36    17             0.527665
Ta_Cu(100)                                             7    36     1             0.588679
Ta_Cu(100)                                             7    36     5             0.512028
Ta_Cu(100)                                             7    36     9             0.857724
Ta_Cu(100)                                             7    36    13             0.943773
Ta_Cu(100)                                             7    36    17             0.483694
Ta_Cu(100)                                             7    36    21             0.610077
Ta_Cu(100)                                             7    36    25             0.759588
Ta_Cu(100)                                             7    36    29             0.607763
Ta_Cu(100)                                             8    36    17             0.527652
Ta_Cu(100)                                             9    36     1             0.857724
Ta_Cu(100)                                             9    36     5             0.610077
Ta_Cu(100)                                             9    36    13             0.464306
Ta_Cu(100)                                             9    36    17             0.828534
Ta_Cu(100)                                             9    36    21             0.550722
Ta_Cu(100)                                             9    36    25             0.636401
Ta_Cu(100)                                             9    36    29             0.464306
Ta_Cu(100)                                             9    36    33             0.784827
Ta_Cu(100)                                            10    36    17             0.701871
Ta_Cu(100)                                            12    36     5             0.607763
Ta_Cu(100)                                            12    36     9             0.729312
Ta_Cu(100)                                            12    36    13             0.607763
Ta_Cu(100)                                            12    36    17             0.531416
Ta_Cu(100)                                            12    36    29             0.515301
Ta_Cu(100)                                            12    36    33             0.892559
W_Cu(100)                                              0    36     1             0.588679
W_Cu(100)                                              0    36     5             0.464306
W_Cu(100)                                              0    36    13             0.464306
W_Cu(100)                                              0    36    17             0.400280
W_Cu(100)                                              1    36     1             0.651580
W_Cu(100)                                              1    36     5             0.527207
W_Cu(100)                                              1    36    13             0.879345
W_Cu(100)                                              1    36    17             0.815320
W_Cu(100)                                              1    36    25             0.651580
W_Cu(100)                                              1    36    29             0.527207
W_Cu(100)                                              4    36    17             0.444251
W_Cu(100)                                              7    36     1             0.588679
W_Cu(100)                                              7    36     5             0.512028
W_Cu(100)                                              7    36     9             0.857724
W_Cu(100)                                              7    36    13             0.943773
W_Cu(100)                                              7    36    17             0.400280
W_Cu(100)                                              7    36    21             0.550722
W_Cu(100)                                              7    36    25             0.729312
W_Cu(100)                                              7    36    29             0.607763
W_Cu(100)                                              8    36    17             0.456609
W_Cu(100)                                              9    36     1             0.857724
W_Cu(100)                                              9    36     5             0.550722
W_Cu(100)                                              9    36    13             0.464306
W_Cu(100)                                              9    36    17             0.879747
W_Cu(100)                                              9    36    21             0.550722
W_Cu(100)                                              9    36    25             0.636401
W_Cu(100)                                              9    36    29             0.464306
W_Cu(100)                                              9    36    33             0.857724
W_Cu(100)                                             10    36    17             0.524807
W_Cu(100)                                             12    36     5             0.607763
W_Cu(100)                                             12    36     9             0.729312
W_Cu(100)                                             12    36    13             0.607763
W_Cu(100)                                             12    36    17             0.448003
W_Cu(100)                                             12    36    29             0.515301
W_Cu(100)                                             12    36    33             1.062433
Re_Cu(100)                                             0    36     1             0.588679
Re_Cu(100)                                             0    36     5             0.489100
Re_Cu(100)                                             0    36    13             0.489100
Re_Cu(100)                                             0    36    17             0.400280
Re_Cu(100)                                             1    36     1             0.651580
Re_Cu(100)                                             1    36     5             0.552002
Re_Cu(100)                                             1    36    13             0.904140
Re_Cu(100)                                             1    36    17             0.815320
Re_Cu(100)                                             1    36    25             0.651580
Re_Cu(100)                                             1    36    29             0.552002
Re_Cu(100)                                             4    36    17             0.444251
Re_Cu(100)                                             7    36     1             0.588679
Re_Cu(100)                                             7    36     5             0.536823
Re_Cu(100)                                             7    36     9             0.857724
Re_Cu(100)                                             7    36    13             0.968567
Re_Cu(100)                                             7    36    17             0.400280
Re_Cu(100)                                             7    36    21             0.594637
Re_Cu(100)                                             7    36    25             0.729312
Re_Cu(100)                                             7    36    29             0.651677
Re_Cu(100)                                             8    36    17             0.456609
Re_Cu(100)                                             9    36     1             0.857724
Re_Cu(100)                                             9    36     5             0.594637
Re_Cu(100)                                             9    36    13             0.489100
Re_Cu(100)                                             9    36    17             0.879747
Re_Cu(100)                                             9    36    21             0.564360
Re_Cu(100)                                             9    36    25             0.636401
Re_Cu(100)                                             9    36    29             0.489100
Re_Cu(100)                                             9    36    33             0.857724
Re_Cu(100)                                            10    36    17             0.524807
Re_Cu(100)                                            12    36     5             0.651677
Re_Cu(100)                                            12    36     9             0.742552
Re_Cu(100)                                            12    36    13             0.651677
Re_Cu(100)                                            12    36    17             0.448003
Re_Cu(100)                                            12    36    29             0.540095
Re_Cu(100)                                            12    36    33             1.062433
Os_Cu(100)                                             0    36     1             0.588679
Os_Cu(100)                                             0    36     5             0.664663
Os_Cu(100)                                             0    36    13             0.664663
Os_Cu(100)                                             0    36    17             0.418045
Os_Cu(100)                                             1    36     1             0.651580
Os_Cu(100)                                             1    36     5             0.716588
Os_Cu(100)                                             1    36    13             1.079703
Os_Cu(100)                                             1    36    17             0.833085
Os_Cu(100)                                             1    36    25             0.651580
Os_Cu(100)                                             1    36    29             0.716588
Os_Cu(100)                                             4    36    17             0.462016
Os_Cu(100)                                             7    36     1             0.588679
Os_Cu(100)                                             7    36     5             0.714773
Os_Cu(100)                                             7    36     9             0.857724
Os_Cu(100)                                             7    36    13             1.104952
Os_Cu(100)                                             7    36    17             0.418045
Os_Cu(100)                                             7    36    21             0.837474
Os_Cu(100)                                             7    36    25             0.742552
Os_Cu(100)                                             7    36    29             0.919333
Os_Cu(100)                                             8    36    17             0.474374
Os_Cu(100)                                             9    36     1             0.857724
Os_Cu(100)                                             9    36     5             0.837474
Os_Cu(100)                                             9    36    13             0.664663
Os_Cu(100)                                             9    36    17             0.897512
Os_Cu(100)                                             9    36    21             0.807197
Os_Cu(100)                                             9    36    25             0.636401
Os_Cu(100)                                             9    36    29             0.664663
Os_Cu(100)                                             9    36    33             0.857724
Os_Cu(100)                                            10    36    17             0.542571
Os_Cu(100)                                            12    36    17             0.465767
Hg_Cu(100)                                             0    36     1             0.588679
Hg_Cu(100)                                             0    36     5             0.590583
Hg_Cu(100)                                             0    36    13             0.590583
Hg_Cu(100)                                             0    36    17             0.653025
Hg_Cu(100)                                             1    36     1             0.651580
Hg_Cu(100)                                             1    36     5             0.653484
Hg_Cu(100)                                             1    36    13             0.751886
Hg_Cu(100)                                             1    36    17             0.641216
Hg_Cu(100)                                             1    36    25             0.651580
Hg_Cu(100)                                             1    36    29             0.653484
Hg_Cu(100)                                             4    36    17             0.658220
Hg_Cu(100)                                             7    36     1             0.588679
Hg_Cu(100)                                             7    36     5             0.638305
Hg_Cu(100)                                             7    36    13             1.070050
Hg_Cu(100)                                             7    36    17             0.653025
Hg_Cu(100)                                             7    36    21             0.809191
Hg_Cu(100)                                             7    36    25             0.759588
Hg_Cu(100)                                             7    36    29             0.843352
Hg_Cu(100)                                             8    36    17             0.678771
Hg_Cu(100)                                             9    36     5             0.809191
Hg_Cu(100)                                             9    36    13             0.590583
Hg_Cu(100)                                             9    36    17             1.061217
Hg_Cu(100)                                             9    36    21             0.809191
Hg_Cu(100)                                             9    36    25             0.636401
Hg_Cu(100)                                             9    36    29             0.590583
Hg_Cu(100)                                             9    36    33             0.857724
Hg_Cu(100)                                            10    36    17             0.693449
Hg_Cu(100)                                            12    36    17             0.637943
Tl_Cu(100)                                             0    36     1             0.651483
Tl_Cu(100)                                             0    36     5             0.527109
Tl_Cu(100)                                             0    36    13             0.527109
Tl_Cu(100)                                             0    36    17             0.463084
Tl_Cu(100)                                             1    36     1             0.673446
Tl_Cu(100)                                             1    36     5             0.549073
Tl_Cu(100)                                             1    36    13             0.515301
Tl_Cu(100)                                             1    36    17             0.451275
Tl_Cu(100)                                             1    36    25             0.651580
Tl_Cu(100)                                             1    36    29             0.527207
Tl_Cu(100)                                             4    36    17             0.444251
Tl_Cu(100)                                             7    36     1             0.651483
Tl_Cu(100)                                             7    36     5             0.512028
Tl_Cu(100)                                             7    36    13             0.943773
Tl_Cu(100)                                             7    36    17             0.463084
Tl_Cu(100)                                             7    36    21             0.573602
Tl_Cu(100)                                             7    36    25             0.823563
Tl_Cu(100)                                             8    36    17             0.456609
Tl_Cu(100)                                             9    36     5             0.610077
Tl_Cu(100)                                             9    36    13             0.527109
Tl_Cu(100)                                             9    36    17             0.879747
Tl_Cu(100)                                             9    36    21             0.610077
Tl_Cu(100)                                             9    36    25             0.636401
Tl_Cu(100)                                             9    36    29             0.527109
Tl_Cu(100)                                             9    36    33             0.857724
Tl_Cu(100)                                            10    36    17             0.524807
Tl_Cu(100)                                            12    36    17             0.448003
Pb_Cu(100)                                             0    36     1             0.651483
Pb_Cu(100)                                             0    36     5             0.527109
Pb_Cu(100)                                             0    36    13             0.527109
Pb_Cu(100)                                             0    36    17             0.463084
Pb_Cu(100)                                             1    36     1             0.539401
Pb_Cu(100)                                             1    36     5             0.415028
Pb_Cu(100)                                             1    36    13             0.515301
Pb_Cu(100)                                             1    36    17             0.451275
Pb_Cu(100)                                             1    36    25             0.673446
Pb_Cu(100)                                             1    36    29             0.549073
Pb_Cu(100)                                             4    36    17             0.444251
Pb_Cu(100)                                             7    36     1             0.651483
Pb_Cu(100)                                             7    36     5             0.512028
Pb_Cu(100)                                             7    36    13             0.943773
Pb_Cu(100)                                             7    36    17             0.463084
Pb_Cu(100)                                             7    36    21             0.573602
Pb_Cu(100)                                             7    36    25             0.823563
Pb_Cu(100)                                             8    36    17             0.456609
Pb_Cu(100)                                             9    36     5             0.573602
Pb_Cu(100)                                             9    36    13             0.527109
Pb_Cu(100)                                             9    36    17             0.879747
Pb_Cu(100)                                             9    36    21             0.610077
Pb_Cu(100)                                             9    36    25             0.636401
Pb_Cu(100)                                             9    36    29             0.527109
Pb_Cu(100)                                            10    36    17             0.524807
Pb_Cu(100)                                            12    36    17             0.448003
Sc_Au(110)                                             3    36     1             0.974153
Sc_Au(110)                                             3    36     5             0.740678
Sc_Au(110)                                             3    36    13             0.862767
Sc_Au(110)                                             3    36    17             0.442800
Sc_Au(110)                                             3    36    25             0.974153
Sc_Au(110)                                             3    36    29             0.740678
Sc_Au(110)                                             4    36     1             0.862767
Sc_Au(110)                                             4    36     5             0.687896
Sc_Au(110)                                             4    36    13             0.862767
Sc_Au(110)                                             4    36    17             0.442800
Sc_Au(110)                                             8    36    17             0.412200
Sc_Au(110)                                             9    36     5             0.685237
Sc_Au(110)                                             9    36    17             0.440142
Sc_Au(110)                                            13    36    17             0.425685
Sc_Au(110)                                            16    36     1             0.864582
Sc_Au(110)                                            16    36     5             0.685237
Sc_Au(110)                                            16    36    13             0.968766
Sc_Au(110)                                            16    36    17             0.442800
Sc_Au(110)                                            17    36    13             0.864582
Sc_Au(110)                                            17    36    17             0.389147
Sc_Au(110)                                            17    36    25             0.935945
Sc_Au(110)                                            17    36    29             0.687896
Ti_Au(110)                                             3    36     1             0.989708
Ti_Au(110)                                             3    36     5             0.740678
Ti_Au(110)                                             3    36    13             0.862767
Ti_Au(110)                                             3    36    17             0.442800
Ti_Au(110)                                             3    36    25             0.989708
Ti_Au(110)                                             3    36    29             0.740678
Ti_Au(110)                                             4    36     1             0.862767
Ti_Au(110)                                             4    36     5             0.687896
Ti_Au(110)                                             4    36    13             0.862767
Ti_Au(110)                                             4    36    17             0.442800
Ti_Au(110)                                             8    36    17             0.412200
Ti_Au(110)                                             9    36     5             0.685237
Ti_Au(110)                                             9    36    17             0.440142
Ti_Au(110)                                            13    36    17             0.425685
Ti_Au(110)                                            16    36     1             0.864582
Ti_Au(110)                                            16    36     5             0.685237
Ti_Au(110)                                            16    36    13             0.903393
Ti_Au(110)                                            16    36    17             0.442800
Ti_Au(110)                                            17    36    13             0.864582
Ti_Au(110)                                            17    36    17             0.440142
Ti_Au(110)                                            17    36    25             0.968766
Ti_Au(110)                                            17    36    29             0.687896
V_Au(110)                                              3    36     1             1.010746
V_Au(110)                                              3    36     5             0.787864
V_Au(110)                                              3    36    13             0.877848
V_Au(110)                                              3    36    17             0.457882
V_Au(110)                                              3    36    25             1.010746
V_Au(110)                                              3    36    29             0.787864
V_Au(110)                                              4    36     1             0.862767
V_Au(110)                                              4    36     5             0.687896
V_Au(110)                                              4    36    13             0.862767
V_Au(110)                                              4    36    17             0.442800
V_Au(110)                                              8    36    17             0.412200
V_Au(110)                                              9    36     5             0.855115
V_Au(110)                                              9    36    17             0.618491
V_Au(110)                                             13    36    17             0.425685
V_Au(110)                                             16    36     1             0.864582
V_Au(110)                                             16    36     5             0.872725
V_Au(110)                                             16    36    13             0.903393
V_Au(110)                                             16    36    17             0.442800
V_Au(110)                                             17    36    13             0.864582
V_Au(110)                                             17    36    17             0.440142
V_Au(110)                                             17    36    25             0.903393
V_Au(110)                                             17    36    29             0.687896
Cr_Au(110)                                             3    36     1             1.010746
Cr_Au(110)                                             3    36     5             0.787864
Cr_Au(110)                                             3    36    13             0.877848
Cr_Au(110)                                             3    36    17             0.457882
Cr_Au(110)                                             3    36    25             1.010746
Cr_Au(110)                                             3    36    29             0.787864
Cr_Au(110)                                             8    36    17             0.412200
Cr_Au(110)                                             9    36     5             0.872725
Cr_Au(110)                                             9    36    17             0.636100
Cr_Au(110)                                            13    36    17             0.425685
Cr_Au(110)                                            16    36    17             0.442800
Cr_Au(110)                                            17    36    13             0.864582
Cr_Au(110)                                            17    36    17             0.440142
Cr_Au(110)                                            17    36    25             0.903393
Cr_Au(110)                                            17    36    29             0.687896
Mn_Au(110)                                             3    36     1             1.010746
Mn_Au(110)                                             3    36     5             0.787864
Mn_Au(110)                                             3    36    13             0.877848
Mn_Au(110)                                             3    36    17             0.457882
Mn_Au(110)                                             3    36    25             1.010746
Mn_Au(110)                                             3    36    29             0.787864
Mn_Au(110)                                             8    36    17             0.412200
Mn_Au(110)                                             9    36     5             0.872725
Mn_Au(110)                                             9    36    17             0.636100
Mn_Au(110)                                            13    36    17             0.425685
Mn_Au(110)                                            16    36    17             0.442800
Mn_Au(110)                                            17    36    13             0.864582
Mn_Au(110)                                            17    36    17             0.519682
Mn_Au(110)                                            17    36    25             0.903393
Mn_Au(110)                                            17    36    29             0.687896
Fe_Au(110)                                             3    36     1             1.010746
Fe_Au(110)                                             3    36     5             0.722214
Fe_Au(110)                                             3    36    13             0.877848
Fe_Au(110)                                             3    36    17             0.457882
Fe_Au(110)                                             3    36    25             1.010746
Fe_Au(110)                                             3    36    29             0.722214
Fe_Au(110)                                             8    36    17             0.412200
Fe_Au(110)                                             9    36     5             0.828377
Fe_Au(110)                                             9    36    17             0.636100
Fe_Au(110)                                            13    36    17             0.425685
Fe_Au(110)                                            16    36    17             0.442800
Fe_Au(110)                                            17    36    13             0.864582
Fe_Au(110)                                            17    36    17             0.618491
Fe_Au(110)                                            17    36    25             0.903393
Fe_Au(110)                                            17    36    29             0.643548
Co_Au(110)                                             3    36     1             1.010746
Co_Au(110)                                             3    36     5             0.722214
Co_Au(110)                                             3    36    13             0.877848
Co_Au(110)                                             3    36    17             0.457882
Co_Au(110)                                             3    36    25             1.010746
Co_Au(110)                                             3    36    29             0.722214
Co_Au(110)                                             8    36    17             0.412200
Co_Au(110)                                             9    36     5             0.828377
Co_Au(110)                                             9    36    17             0.636100
Co_Au(110)                                            13    36    17             0.425685
Co_Au(110)                                            16    36    17             0.442800
Co_Au(110)                                            17    36    13             0.864582
Co_Au(110)                                            17    36    17             0.625269
Co_Au(110)                                            17    36    25             0.903393
Co_Au(110)                                            17    36    29             0.643548
Zn_Au(110)                                             3    36    17             0.474678
Zn_Au(110)                                             8    36    17             0.472115
Zn_Au(110)                                             9    36     5             0.870318
Zn_Au(110)                                             9    36    17             0.642065
Zn_Au(110)                                            13    36    17             0.461412
Zn_Au(110)                                            16    36    17             0.459596
Zn_Au(110)                                            17    36    13             0.864582
Zn_Au(110)                                            17    36    17             0.456938
Zn_Au(110)                                            17    36    25             0.903393
Zn_Au(110)                                            17    36    29             0.696319
Ga_Au(110)                                             3    36    17             0.457882
Ga_Au(110)                                             8    36    17             0.412200
Ga_Au(110)                                             9    36     5             0.640889
Ga_Au(110)                                             9    36    17             0.440142
Ga_Au(110)                                            13    36    17             0.425685
Ga_Au(110)                                            16    36    17             0.442800
Ga_Au(110)                                            17    36    13             0.864582
Ga_Au(110)                                            17    36    17             0.440142
Ga_Au(110)                                            17    36    25             0.903393
Ga_Au(110)                                            17    36    29             0.643548
Ge_Au(110)                                             3    36    17             0.457882
Ge_Au(110)                                             8    36    17             0.412200
Ge_Au(110)                                             9    36     5             0.635342
Ge_Au(110)                                             9    36    17             0.440142
Ge_Au(110)                                            13    36    17             0.425685
Ge_Au(110)                                            16    36    17             0.442800
Ge_Au(110)                                            17    36    13             0.864582
Ge_Au(110)                                            17    36    17             0.440142
Ge_Au(110)                                            17    36    25             0.903393
Ge_Au(110)                                            17    36    29             0.638000
Y_Au(110)                                              3    36     1             0.974153
Y_Au(110)                                              3    36     5             0.740678
Y_Au(110)                                              3    36    13             0.862767
Y_Au(110)                                              3    36    17             0.442800
Y_Au(110)                                              3    36    25             0.974153
Y_Au(110)                                              3    36    29             0.740678
Y_Au(110)                                              4    36     1             0.862767
Y_Au(110)                                              4    36     5             0.687896
Y_Au(110)                                              4    36    13             0.862767
Y_Au(110)                                              4    36    17             0.442800
Y_Au(110)                                              8    36    17             0.412200
Y_Au(110)                                              9    36     5             0.702977
Y_Au(110)                                              9    36    17             0.457882
Y_Au(110)                                             13    36    17             0.444616
Y_Au(110)                                             16    36     1             0.864582
Y_Au(110)                                             16    36     5             0.634242
Y_Au(110)                                             16    36    13             0.935945
Y_Au(110)                                             16    36    17             0.442800
Y_Au(110)                                             17    36    13             0.897970
Y_Au(110)                                             17    36    17             0.442800
Y_Au(110)                                             17    36    25             0.989708
Y_Au(110)                                             17    36    29             0.687896
Zr_Au(110)                                             3    36     1             0.974153
Zr_Au(110)                                             3    36     5             0.740678
Zr_Au(110)                                             3    36    13             0.862767
Zr_Au(110)                                             3    36    17             0.442800
Zr_Au(110)                                             3    36    25             0.974153
Zr_Au(110)                                             3    36    29             0.740678
Zr_Au(110)                                             4    36     1             0.862767
Zr_Au(110)                                             4    36     5             0.687896
Zr_Au(110)                                             4    36    13             0.862767
Zr_Au(110)                                             4    36    17             0.442800
Zr_Au(110)                                             8    36    17             0.412200
Zr_Au(110)                                             9    36     5             0.685237
Zr_Au(110)                                             9    36    17             0.440142
Zr_Au(110)                                            13    36    17             0.425685
Zr_Au(110)                                            16    36     1             0.864582
Zr_Au(110)                                            16    36     5             0.685237
Zr_Au(110)                                            16    36    13             0.968766
Zr_Au(110)                                            16    36    17             0.442800
Zr_Au(110)                                            17    36    13             0.864582
Zr_Au(110)                                            17    36    17             0.389147
Zr_Au(110)                                            17    36    25             0.935945
Zr_Au(110)                                            17    36    29             0.687896
Nb_Au(110)                                             3    36     1             0.989708
Nb_Au(110)                                             3    36     5             0.740678
Nb_Au(110)                                             3    36    13             0.862767
Nb_Au(110)                                             3    36    17             0.442800
Nb_Au(110)                                             3    36    25             0.989708
Nb_Au(110)                                             3    36    29             0.740678
Nb_Au(110)                                             4    36     1             0.862767
Nb_Au(110)                                             4    36     5             0.687896
Nb_Au(110)                                             4    36    13             0.862767
Nb_Au(110)                                             4    36    17             0.442800
Nb_Au(110)                                             8    36    17             0.412200
Nb_Au(110)                                             9    36     5             0.685237
Nb_Au(110)                                             9    36    17             0.440142
Nb_Au(110)                                            13    36    17             0.425685
Nb_Au(110)                                            16    36     1             0.864582
Nb_Au(110)                                            16    36     5             0.685237
Nb_Au(110)                                            16    36    13             0.903393
Nb_Au(110)                                            16    36    17             0.442800
Nb_Au(110)                                            17    36    13             0.864582
Nb_Au(110)                                            17    36    17             0.440142
Nb_Au(110)                                            17    36    25             0.968766
Nb_Au(110)                                            17    36    29             0.687896
Mo_Au(110)                                             3    36     1             0.989708
Mo_Au(110)                                             3    36     5             0.639353
Mo_Au(110)                                             3    36    13             0.862767
Mo_Au(110)                                             3    36    17             0.442800
Mo_Au(110)                                             3    36    25             0.989708
Mo_Au(110)                                             3    36    29             0.639353
Mo_Au(110)                                             4    36     1             0.862767
Mo_Au(110)                                             4    36     5             0.638000
Mo_Au(110)                                             4    36    13             0.862767
Mo_Au(110)                                             4    36    17             0.442800
Mo_Au(110)                                             8    36    17             0.412200
Mo_Au(110)                                             9    36     5             0.635342
Mo_Au(110)                                             9    36    17             0.440142
Mo_Au(110)                                            13    36    17             0.425685
Mo_Au(110)                                            16    36     1             0.864582
Mo_Au(110)                                            16    36     5             0.635342
Mo_Au(110)                                            16    36    13             0.903393
Mo_Au(110)                                            16    36    17             0.442800
Mo_Au(110)                                            17    36    13             0.864582
Mo_Au(110)                                            17    36    17             0.440142
Mo_Au(110)                                            17    36    25             0.968766
Mo_Au(110)                                            17    36    29             0.638000
Tc_Au(110)                                             3    36     1             0.989708
Tc_Au(110)                                             3    36     5             0.639353
Tc_Au(110)                                             3    36    13             0.877848
Tc_Au(110)                                             3    36    17             0.457882
Tc_Au(110)                                             3    36    25             0.989708
Tc_Au(110)                                             3    36    29             0.639353
Tc_Au(110)                                             8    36    17             0.412200
Tc_Au(110)                                             9    36     5             0.635342
Tc_Au(110)                                             9    36    17             0.440142
Tc_Au(110)                                            13    36    17             0.425685
Tc_Au(110)                                            16    36    17             0.442800
Tc_Au(110)                                            17    36    13             0.864582
Tc_Au(110)                                            17    36    17             0.440142
Tc_Au(110)                                            17    36    25             0.903393
Tc_Au(110)                                            17    36    29             0.638000
Ru_Au(110)                                             3    36     1             1.010746
Ru_Au(110)                                             3    36     5             0.724411
Ru_Au(110)                                             3    36    13             0.877848
Ru_Au(110)                                             3    36    17             0.457882
Ru_Au(110)                                             3    36    25             1.010746
Ru_Au(110)                                             3    36    29             0.724411
Ru_Au(110)                                             8    36    17             0.412200
Ru_Au(110)                                             9    36     5             0.643765
Ru_Au(110)                                             9    36    17             0.440142
Ru_Au(110)                                            13    36    17             0.425685
Ru_Au(110)                                            16    36    17             0.442800
Ru_Au(110)                                            17    36    13             0.864582
Ru_Au(110)                                            17    36    17             0.440142
Ru_Au(110)                                            17    36    25             0.903393
Ru_Au(110)                                            17    36    29             0.646424
Cd_Au(110)                                             3    36     1             0.989708
Cd_Au(110)                                             3    36     5             0.768222
Cd_Au(110)                                             3    36    13             0.862767
Cd_Au(110)                                             3    36    17             0.504068
Cd_Au(110)                                             3    36    25             0.989708
Cd_Au(110)                                             3    36    29             0.768222
Cd_Au(110)                                             8    36    17             0.516587
Cd_Au(110)                                             9    36     5             0.693661
Cd_Au(110)                                             9    36    17             0.501409
Cd_Au(110)                                            13    36    17             0.505883
Cd_Au(110)                                            16    36    17             0.504068
Cd_Au(110)                                            17    36    13             0.864582
Cd_Au(110)                                            17    36    17             0.501409
Cd_Au(110)                                            17    36    25             0.968766
Cd_Au(110)                                            17    36    29             0.696319
In_Au(110)                                             3    36     1             0.974153
In_Au(110)                                             3    36     5             0.702504
In_Au(110)                                             3    36    13             0.862767
In_Au(110)                                             3    36    17             0.442800
In_Au(110)                                             3    36    25             0.974153
In_Au(110)                                             3    36    29             0.702504
In_Au(110)                                             8    36    17             0.412200
In_Au(110)                                             9    36     5             0.652161
In_Au(110)                                             9    36    17             0.440142
In_Au(110)                                            13    36    17             0.425685
In_Au(110)                                            16    36    17             0.442800
In_Au(110)                                            17    36    13             0.864582
In_Au(110)                                            17    36    17             0.389147
In_Au(110)                                            17    36    25             0.968766
In_Au(110)                                            17    36    29             0.654819
Sn_Au(110)                                             3    36     1             0.974153
Sn_Au(110)                                             3    36     5             0.664701
Sn_Au(110)                                             3    36    13             0.862767
Sn_Au(110)                                             3    36    17             0.442800
Sn_Au(110)                                             3    36    25             0.974153
Sn_Au(110)                                             3    36    29             0.664701
Sn_Au(110)                                             8    36    17             0.412200
Sn_Au(110)                                             9    36     5             0.640889
Sn_Au(110)                                             9    36    17             0.440142
Sn_Au(110)                                            13    36    17             0.425685
Sn_Au(110)                                            16    36    17             0.442800
Sn_Au(110)                                            17    36    13             0.864582
Sn_Au(110)                                            17    36    17             0.389147
Sn_Au(110)                                            17    36    25             0.968766
Sn_Au(110)                                            17    36    29             0.643548
Hf_Au(110)                                             3    36     1             0.974153
Hf_Au(110)                                             3    36     5             0.740678
Hf_Au(110)                                             3    36    13             0.862767
Hf_Au(110)                                             3    36    17             0.442800
Hf_Au(110)                                             3    36    25             0.974153
Hf_Au(110)                                             3    36    29             0.740678
Hf_Au(110)                                             4    36     1             0.862767
Hf_Au(110)                                             4    36     5             0.687896
Hf_Au(110)                                             4    36    13             0.862767
Hf_Au(110)                                             4    36    17             0.442800
Hf_Au(110)                                             8    36    17             0.412200
Hf_Au(110)                                             9    36     5             0.685237
Hf_Au(110)                                             9    36    17             0.440142
Hf_Au(110)                                            13    36    17             0.425685
Hf_Au(110)                                            16    36     1             0.864582
Hf_Au(110)                                            16    36     5             0.685237
Hf_Au(110)                                            16    36    13             0.968766
Hf_Au(110)                                            16    36    17             0.442800
Hf_Au(110)                                            17    36    13             0.864582
Hf_Au(110)                                            17    36    17             0.389147
Hf_Au(110)                                            17    36    25             0.935945
Hf_Au(110)                                            17    36    29             0.687896
Ta_Au(110)                                             3    36     1             0.989708
Ta_Au(110)                                             3    36     5             0.740678
Ta_Au(110)                                             3    36    13             0.862767
Ta_Au(110)                                             3    36    17             0.442800
Ta_Au(110)                                             3    36    25             0.989708
Ta_Au(110)                                             3    36    29             0.740678
Ta_Au(110)                                             4    36     1             0.862767
Ta_Au(110)                                             4    36     5             0.687896
Ta_Au(110)                                             4    36    13             0.862767
Ta_Au(110)                                             4    36    17             0.442800
Ta_Au(110)                                             8    36    17             0.412200
Ta_Au(110)                                             9    36     5             0.685237
Ta_Au(110)                                             9    36    17             0.440142
Ta_Au(110)                                            13    36    17             0.425685
Ta_Au(110)                                            16    36     1             0.864582
Ta_Au(110)                                            16    36     5             0.685237
Ta_Au(110)                                            16    36    13             0.903393
Ta_Au(110)                                            16    36    17             0.442800
Ta_Au(110)                                            17    36    13             0.864582
Ta_Au(110)                                            17    36    17             0.440142
Ta_Au(110)                                            17    36    25             0.968766
Ta_Au(110)                                            17    36    29             0.687896
W_Au(110)                                              3    36     1             0.989708
W_Au(110)                                              3    36     5             0.740678
W_Au(110)                                              3    36    13             0.862767
W_Au(110)                                              3    36    17             0.442800
W_Au(110)                                              3    36    25             0.989708
W_Au(110)                                              3    36    29             0.740678
W_Au(110)                                              4    36     1             0.862767
W_Au(110)                                              4    36     5             0.687896
W_Au(110)                                              4    36    13             0.862767
W_Au(110)                                              4    36    17             0.442800
W_Au(110)                                              8    36    17             0.412200
W_Au(110)                                              9    36     5             0.685237
W_Au(110)                                              9    36    17             0.440142
W_Au(110)                                             13    36    17             0.425685
W_Au(110)                                             16    36     1             0.864582
W_Au(110)                                             16    36     5             0.685237
W_Au(110)                                             16    36    13             0.903393
W_Au(110)                                             16    36    17             0.442800
W_Au(110)                                             17    36    13             0.864582
W_Au(110)                                             17    36    17             0.440142
W_Au(110)                                             17    36    25             0.968766
W_Au(110)                                             17    36    29             0.687896
Re_Au(110)                                             3    36     1             0.989708
Re_Au(110)                                             3    36     5             0.664701
Re_Au(110)                                             3    36    13             0.877848
Re_Au(110)                                             3    36    17             0.442800
Re_Au(110)                                             3    36    25             0.989708
Re_Au(110)                                             3    36    29             0.664701
Re_Au(110)                                             4    36     1             0.862767
Re_Au(110)                                             4    36     5             0.643548
Re_Au(110)                                             4    36    13             0.862767
Re_Au(110)                                             4    36    17             0.442800
Re_Au(110)                                             8    36    17             0.412200
Re_Au(110)                                             9    36     5             0.640889
Re_Au(110)                                             9    36    17             0.440142
Re_Au(110)                                            13    36    17             0.425685
Re_Au(110)                                            16    36     1             0.864582
Re_Au(110)                                            16    36     5             0.640889
Re_Au(110)                                            16    36    13             0.903393
Re_Au(110)                                            16    36    17             0.442800
Re_Au(110)                                            17    36    13             0.864582
Re_Au(110)                                            17    36    17             0.440142
Re_Au(110)                                            17    36    25             0.903393
Re_Au(110)                                            17    36    29             0.643548
Os_Au(110)                                             3    36     1             1.000036
Os_Au(110)                                             3    36     5             0.666897
Os_Au(110)                                             3    36    13             0.877848
Os_Au(110)                                             3    36    17             0.457882
Os_Au(110)                                             3    36    25             1.000036
Os_Au(110)                                             3    36    29             0.666897
Os_Au(110)                                             8    36    17             0.412200
Os_Au(110)                                             9    36     5             0.643765
Os_Au(110)                                             9    36    17             0.440142
Os_Au(110)                                            13    36    17             0.425685
Os_Au(110)                                            16    36    17             0.442800
Os_Au(110)                                            17    36    13             0.864582
Os_Au(110)                                            17    36    17             0.440142
Os_Au(110)                                            17    36    25             0.903393
Os_Au(110)                                            17    36    29             0.646424
Hg_Au(110)                                             3    36     1             0.989708
Hg_Au(110)                                             3    36     5             0.995079
Hg_Au(110)                                             3    36    13             0.862767
Hg_Au(110)                                             3    36    17             0.635916
Hg_Au(110)                                             3    36    25             0.989708
Hg_Au(110)                                             3    36    29             0.995079
Hg_Au(110)                                             8    36    17             0.637269
Hg_Au(110)                                             9    36     5             0.861956
Hg_Au(110)                                             9    36    17             0.633258
Hg_Au(110)                                            13    36    17             0.637732
Hg_Au(110)                                            16    36    17             0.635916
Hg_Au(110)                                            17    36    13             0.864582
Hg_Au(110)                                            17    36    17             0.633258
Hg_Au(110)                                            17    36    25             0.968766
Hg_Au(110)                                            17    36    29             0.864614
Tl_Au(110)                                             3    36     1             0.974153
Tl_Au(110)                                             3    36     5             0.664701
Tl_Au(110)                                             3    36    13             0.862767
Tl_Au(110)                                             3    36    17             0.442800
Tl_Au(110)                                             3    36    25             0.974153
Tl_Au(110)                                             3    36    29             0.664701
Tl_Au(110)                                             8    36    17             0.412200
Tl_Au(110)                                             9    36     5             0.640889
Tl_Au(110)                                             9    36    17             0.440142
Tl_Au(110)                                            13    36    17             0.425685
Tl_Au(110)                                            16    36    17             0.442800
Tl_Au(110)                                            17    36    13             0.864582
Tl_Au(110)                                            17    36    17             0.389147
Tl_Au(110)                                            17    36    25             0.935945
Tl_Au(110)                                            17    36    29             0.643548
Pb_Au(110)                                             3    36     1             0.974153
Pb_Au(110)                                             3    36     5             0.664701
Pb_Au(110)                                             3    36    13             0.862767
Pb_Au(110)                                             3    36    17             0.442800
Pb_Au(110)                                             3    36    25             0.974153
Pb_Au(110)                                             3    36    29             0.664701
Pb_Au(110)                                             8    36    17             0.412200
Pb_Au(110)                                             9    36     5             0.589894
Pb_Au(110)                                             9    36    17             0.389147
Pb_Au(110)                                            13    36    17             0.425685
Pb_Au(110)                                            16    36    17             0.442800
Pb_Au(110)                                            17    36    13             0.886448
Pb_Au(110)                                            17    36    17             0.389147
Pb_Au(110)                                            17    36    25             0.966222
Pb_Au(110)                                            17    36    29             0.643548
Sc_Ag(110)                                             1    36    16             0.440553
Sc_Ag(110)                                             5    36     0             0.749999
Sc_Ag(110)                                             5    36     4             0.547261
Sc_Ag(110)                                             5    36    12             0.619818
Sc_Ag(110)                                             5    36    16             0.438004
Sc_Ag(110)                                             6    36    12             0.602931
Sc_Ag(110)                                             6    36    16             0.438004
Sc_Ag(110)                                             6    36    24             0.602931
Sc_Ag(110)                                             6    36    28             0.485687
Sc_Ag(110)                                             7    36    16             0.441276
Sc_Ag(110)                                             7    36    28             0.505847
Ti_Ag(110)                                             1    36    16             0.440553
Ti_Ag(110)                                             5    36     0             0.749999
Ti_Ag(110)                                             5    36     4             0.547261
Ti_Ag(110)                                             5    36    12             0.634900
Ti_Ag(110)                                             5    36    16             0.438004
Ti_Ag(110)                                             6    36    12             0.619818
Ti_Ag(110)                                             6    36    16             0.438004
Ti_Ag(110)                                             6    36    24             0.619818
Ti_Ag(110)                                             6    36    28             0.502574
Ti_Ag(110)                                             7    36    16             0.441276
Ti_Ag(110)                                             7    36    28             0.505847
V_Ag(110)                                              1    36    16             0.440553
V_Ag(110)                                              5    36     0             0.749999
V_Ag(110)                                              5    36     4             0.583736
V_Ag(110)                                              5    36    12             0.634900
V_Ag(110)                                              5    36    16             0.453085
V_Ag(110)                                              6    36    12             0.619818
V_Ag(110)                                              6    36    16             0.438004
V_Ag(110)                                              6    36    24             0.619818
V_Ag(110)                                              6    36    28             0.502574
V_Ag(110)                                              7    36    16             0.619625
V_Ag(110)                                              7    36    28             0.675725
Cr_Ag(110)                                             1    36    16             0.440553
Cr_Ag(110)                                             5    36     0             0.749999
Cr_Ag(110)                                             5    36     4             0.583736
Cr_Ag(110)                                             5    36    12             0.634900
Cr_Ag(110)                                             5    36    16             0.453085
Cr_Ag(110)                                             7    36    16             0.631803
Cr_Ag(110)                                             7    36    28             0.687902
Mn_Ag(110)                                             1    36    16             0.440553
Mn_Ag(110)                                             5    36     0             0.749999
Mn_Ag(110)                                             5    36     4             0.583736
Mn_Ag(110)                                             5    36    12             0.634900
Mn_Ag(110)                                             5    36    16             0.453085
Mn_Ag(110)                                             7    36    16             0.631803
Mn_Ag(110)                                             7    36    28             0.687902
Fe_Ag(110)                                             1    36    16             0.458318
Fe_Ag(110)                                             5    36     0             0.749999
Fe_Ag(110)                                             5    36     4             0.619993
Fe_Ag(110)                                             5    36    12             0.634900
Fe_Ag(110)                                             5    36    16             0.470850
Fe_Ag(110)                                             7    36    16             0.649567
Fe_Ag(110)                                             7    36    28             0.705039
Co_Ag(110)                                             1    36    16             0.458318
Co_Ag(110)                                             5    36     0             0.686025
Co_Ag(110)                                             5    36     4             0.548691
Co_Ag(110)                                             5    36    12             0.634900
Co_Ag(110)                                             5    36    16             0.470850
Co_Ag(110)                                             7    36    16             0.649567
Co_Ag(110)                                             7    36    28             0.699765
Zn_Ag(110)                                             1    36    16             0.473433
Zn_Ag(110)                                             5    36    16             0.467034
Zn_Ag(110)                                             7    36    16             0.640353
Zn_Ag(110)                                             7    36    28             0.811487
Ga_Ag(110)                                             1    36    16             0.440553
Ga_Ag(110)                                             5    36    16             0.453085
Ga_Ag(110)                                             7    36    16             0.441276
Ga_Ag(110)                                             7    36    28             0.514560
Ge_Ag(110)                                             1    36    16             0.440553
Ge_Ag(110)                                             5    36    16             0.453085
Ge_Ag(110)                                             7    36    16             0.441276
Ge_Ag(110)                                             7    36    28             0.525898
Y_Ag(110)                                              1    36    16             0.440553
Y_Ag(110)                                              5    36     0             0.749999
Y_Ag(110)                                              5    36     4             0.547261
Y_Ag(110)                                              5    36    12             0.619818
Y_Ag(110)                                              5    36    16             0.438004
Y_Ag(110)                                              6    36    12             0.576201
Y_Ag(110)                                              6    36    16             0.411274
Y_Ag(110)                                              6    36    24             0.576201
Y_Ag(110)                                              6    36    28             0.485687
Y_Ag(110)                                              7    36    16             0.453085
Y_Ag(110)                                              7    36    28             0.517656
Zr_Ag(110)                                             1    36    16             0.440553
Zr_Ag(110)                                             5    36     0             0.749999
Zr_Ag(110)                                             5    36     4             0.547261
Zr_Ag(110)                                             5    36    12             0.619818
Zr_Ag(110)                                             5    36    16             0.438004
Zr_Ag(110)                                             6    36    12             0.602931
Zr_Ag(110)                                             6    36    16             0.438004
Zr_Ag(110)                                             6    36    24             0.602931
Zr_Ag(110)                                             6    36    28             0.485687
Zr_Ag(110)                                             7    36    16             0.441276
Zr_Ag(110)                                             7    36    28             0.505847
Nb_Ag(110)                                             1    36    16             0.440553
Nb_Ag(110)                                             5    36     0             0.749999
Nb_Ag(110)                                             5    36     4             0.547261
Nb_Ag(110)                                             5    36    12             0.619818
Nb_Ag(110)                                             5    36    16             0.438004
Nb_Ag(110)                                             6    36    12             0.619818
Nb_Ag(110)                                             6    36    16             0.438004
Nb_Ag(110)                                             6    36    24             0.619818
Nb_Ag(110)                                             6    36    28             0.502574
Nb_Ag(110)                                             7    36    16             0.441276
Nb_Ag(110)                                             7    36    28             0.505847
Mo_Ag(110)                                             1    36    16             0.440553
Mo_Ag(110)                                             5    36     0             0.749999
Mo_Ag(110)                                             5    36     4             0.622999
Mo_Ag(110)                                             5    36    12             0.634900
Mo_Ag(110)                                             5    36    16             0.453085
Mo_Ag(110)                                             6    36    12             0.619818
Mo_Ag(110)                                             6    36    16             0.438004
Mo_Ag(110)                                             6    36    24             0.619818
Mo_Ag(110)                                             6    36    28             0.536081
Mo_Ag(110)                                             7    36    16             0.441276
Mo_Ag(110)                                             7    36    28             0.536966
Tc_Ag(110)                                             1    36    16             0.458318
Tc_Ag(110)                                             5    36     0             0.749999
Tc_Ag(110)                                             5    36     4             0.622999
Tc_Ag(110)                                             5    36    12             0.634900
Tc_Ag(110)                                             5    36    16             0.470850
Tc_Ag(110)                                             7    36    16             0.459041
Tc_Ag(110)                                             7    36    28             0.536966
Ru_Ag(110)                                             1    36    16             0.458318
Ru_Ag(110)                                             5    36     0             0.749999
Ru_Ag(110)                                             5    36     4             0.832391
Ru_Ag(110)                                             5    36    12             0.634900
Ru_Ag(110)                                             5    36    16             0.470850
Ru_Ag(110)                                             7    36    16             0.459041
Ru_Ag(110)                                             7    36    28             0.692641
Cd_Ag(110)                                             1    36    16             0.561819
Cd_Ag(110)                                             5    36     0             0.749999
Cd_Ag(110)                                             5    36     4             0.785556
Cd_Ag(110)                                             5    36    12             0.619818
Cd_Ag(110)                                             5    36    16             0.521219
Cd_Ag(110)                                             7    36    16             0.524492
Cd_Ag(110)                                             7    36    28             0.634830
In_Ag(110)                                             1    36    16             0.440553
In_Ag(110)                                             5    36     0             0.749999
In_Ag(110)                                             5    36     4             0.541656
In_Ag(110)                                             5    36    12             0.619818
In_Ag(110)                                             5    36    16             0.438004
In_Ag(110)                                             7    36    16             0.441276
In_Ag(110)                                             7    36    28             0.500243
Sn_Ag(110)                                             1    36    16             0.440553
Sn_Ag(110)                                             5    36     0             0.749999
Sn_Ag(110)                                             5    36     4             0.521619
Sn_Ag(110)                                             5    36    12             0.619818
Sn_Ag(110)                                             5    36    16             0.438004
Sn_Ag(110)                                             7    36    16             0.441276
Sn_Ag(110)                                             7    36    28             0.478304
Hf_Ag(110)                                             1    36    16             0.440553
Hf_Ag(110)                                             5    36     0             0.749999
Hf_Ag(110)                                             5    36     4             0.547261
Hf_Ag(110)                                             5    36    12             0.619818
Hf_Ag(110)                                             5    36    16             0.438004
Hf_Ag(110)                                             6    36    12             0.602931
Hf_Ag(110)                                             6    36    16             0.438004
Hf_Ag(110)                                             6    36    24             0.602931
Hf_Ag(110)                                             6    36    28             0.485687
Hf_Ag(110)                                             7    36    16             0.441276
Hf_Ag(110)                                             7    36    28             0.505847
Ta_Ag(110)                                             1    36    16             0.440553
Ta_Ag(110)                                             5    36     0             0.749999
Ta_Ag(110)                                             5    36     4             0.547261
Ta_Ag(110)                                             5    36    12             0.619818
Ta_Ag(110)                                             5    36    16             0.438004
Ta_Ag(110)                                             6    36    12             0.619818
Ta_Ag(110)                                             6    36    16             0.438004
Ta_Ag(110)                                             6    36    24             0.619818
Ta_Ag(110)                                             6    36    28             0.502574
Ta_Ag(110)                                             7    36    16             0.441276
Ta_Ag(110)                                             7    36    28             0.505847
W_Ag(110)                                              1    36    16             0.440553
W_Ag(110)                                              5    36     0             0.749999
W_Ag(110)                                              5    36     4             0.583736
W_Ag(110)                                              5    36    12             0.634900
W_Ag(110)                                              5    36    16             0.453085
W_Ag(110)                                              6    36    12             0.619818
W_Ag(110)                                              6    36    16             0.438004
W_Ag(110)                                              6    36    24             0.619818
W_Ag(110)                                              6    36    28             0.502574
W_Ag(110)                                              7    36    16             0.441276
W_Ag(110)                                              7    36    28             0.505847
Re_Ag(110)                                             1    36    16             0.440553
Re_Ag(110)                                             5    36     0             0.749999
Re_Ag(110)                                             5    36     4             0.598933
Re_Ag(110)                                             5    36    12             0.634900
Re_Ag(110)                                             5    36    16             0.453085
Re_Ag(110)                                             6    36    12             0.619818
Re_Ag(110)                                             6    36    16             0.438004
Re_Ag(110)                                             6    36    24             0.619818
Re_Ag(110)                                             6    36    28             0.505324
Re_Ag(110)                                             7    36    16             0.441276
Re_Ag(110)                                             7    36    28             0.508596
Os_Ag(110)                                             1    36    16             0.458318
Os_Ag(110)                                             5    36     0             0.749999
Os_Ag(110)                                             5    36     4             0.832391
Os_Ag(110)                                             5    36    12             0.634900
Os_Ag(110)                                             5    36    16             0.470850
Os_Ag(110)                                             7    36    16             0.459041
Os_Ag(110)                                             7    36    28             0.692641
Hg_Ag(110)                                             1    36    16             0.627862
Hg_Ag(110)                                             5    36     0             0.749999
Hg_Ag(110)                                             5    36     4             0.773209
Hg_Ag(110)                                             5    36    12             0.619818
Hg_Ag(110)                                             5    36    16             0.612451
Hg_Ag(110)                                             7    36    16             0.615723
Hg_Ag(110)                                             7    36    28             0.629155
Tl_Ag(110)                                             1    36    16             0.440553
Tl_Ag(110)                                             5    36     0             0.749999
Tl_Ag(110)                                             5    36     4             0.555974
Tl_Ag(110)                                             5    36    12             0.619818
Tl_Ag(110)                                             5    36    16             0.438004
Tl_Ag(110)                                             7    36    16             0.441276
Tl_Ag(110)                                             7    36    28             0.514560
Pb_Ag(110)                                             1    36    16             0.440553
Pb_Ag(110)                                             5    36     0             0.749999
Pb_Ag(110)                                             5    36     4             0.555974
Pb_Ag(110)                                             5    36    12             0.619818
Pb_Ag(110)                                             5    36    16             0.438004
Pb_Ag(110)                                             7    36    16             0.390281
Pb_Ag(110)                                             7    36    28             0.463565
Sc_Cu(110)                                             5    36     0             0.636401
Sc_Cu(110)                                             5    36     4             0.492951
Sc_Cu(110)                                             5    36    12             0.636401
Sc_Cu(110)                                             5    36    16             0.448003
Sc_Cu(110)                                             6    36     0             0.699529
Sc_Cu(110)                                             6    36     4             0.556079
Sc_Cu(110)                                             6    36    12             0.588679
Sc_Cu(110)                                             6    36    16             0.400280
Sc_Cu(110)                                             6    36    24             0.699529
Sc_Cu(110)                                             8    36    16             0.466117
Sc_Cu(110)                                            11    36    16             0.451275
Sc_Cu(110)                                            11    36    28             0.496224
Sc_Cu(110)                                            12    36    16             0.490646
Sc_Cu(110)                                            13    36     0             0.636401
Sc_Cu(110)                                            13    36     4             0.686750
Sc_Cu(110)                                            13    36    12             0.651580
Sc_Cu(110)                                            13    36    16             0.448003
Sc_Cu(110)                                            13    36    28             0.554525
Sc_Cu(110)                                            14    36     4             0.492951
Sc_Cu(110)                                            14    36     8             0.651580
Sc_Cu(110)                                            14    36    16             0.815320
Sc_Cu(110)                                            14    36    20             0.636401
Sc_Cu(110)                                            14    36    28             0.554525
Ti_Cu(110)                                             5    36     0             0.636401
Ti_Cu(110)                                             5    36     4             0.492951
Ti_Cu(110)                                             5    36    12             0.636401
Ti_Cu(110)                                             5    36    16             0.428926
Ti_Cu(110)                                             6    36     0             0.699529
Ti_Cu(110)                                             6    36     4             0.556079
Ti_Cu(110)                                             6    36    12             0.639674
Ti_Cu(110)                                             6    36    16             0.432199
Ti_Cu(110)                                             6    36    24             0.699529
Ti_Cu(110)                                             8    36    16             0.447040
Ti_Cu(110)                                            11    36    16             0.622725
Ti_Cu(110)                                            11    36    28             0.686750
Ti_Cu(110)                                            12    36    16             0.471569
Ti_Cu(110)                                            13    36     0             0.636401
Ti_Cu(110)                                            13    36     4             0.686750
Ti_Cu(110)                                            13    36    12             0.651580
Ti_Cu(110)                                            13    36    16             0.428926
Ti_Cu(110)                                            13    36    28             0.554525
Ti_Cu(110)                                            14    36     4             0.492951
Ti_Cu(110)                                            14    36     8             0.651580
Ti_Cu(110)                                            14    36    16             0.622725
Ti_Cu(110)                                            14    36    20             0.636401
Ti_Cu(110)                                            14    36    28             0.554525
V_Cu(110)                                              5    36     0             0.636401
V_Cu(110)                                              5    36     4             0.492951
V_Cu(110)                                              5    36    12             0.636401
V_Cu(110)                                              5    36    16             0.428926
V_Cu(110)                                              6    36     0             0.699529
V_Cu(110)                                              6    36     4             0.556079
V_Cu(110)                                              6    36    12             0.639674
V_Cu(110)                                              6    36    16             0.432199
V_Cu(110)                                              6    36    24             0.673446
V_Cu(110)                                              8    36    16             0.447040
V_Cu(110)                                             11    36    16             0.722088
V_Cu(110)                                             11    36    28             0.786113
V_Cu(110)                                             12    36    16             0.471569
V_Cu(110)                                             13    36     0             0.636401
V_Cu(110)                                             13    36     4             0.786113
V_Cu(110)                                             13    36    12             0.651580
V_Cu(110)                                             13    36    16             0.428926
V_Cu(110)                                             13    36    28             0.554525
V_Cu(110)                                             14    36     4             0.492951
V_Cu(110)                                             14    36     8             0.651580
V_Cu(110)                                             14    36    16             0.722088
V_Cu(110)                                             14    36    20             0.636401
V_Cu(110)                                             14    36    28             0.554525
Cr_Cu(110)                                             5    36     0             0.636401
Cr_Cu(110)                                             5    36     4             0.492951
Cr_Cu(110)                                             5    36    12             0.636401
Cr_Cu(110)                                             5    36    16             0.428926
Cr_Cu(110)                                             6    36     0             0.699529
Cr_Cu(110)                                             6    36     4             0.556079
Cr_Cu(110)                                             6    36    12             0.639674
Cr_Cu(110)                                             6    36    16             0.432199
Cr_Cu(110)                                             6    36    24             0.673446
Cr_Cu(110)                                             8    36    16             0.447040
Cr_Cu(110)                                            11    36    16             0.722088
Cr_Cu(110)                                            11    36    28             0.786113
Cr_Cu(110)                                            12    36    16             0.471569
Cr_Cu(110)                                            13    36     0             0.636401
Cr_Cu(110)                                            13    36     4             0.786113
Cr_Cu(110)                                            13    36    12             0.651580
Cr_Cu(110)                                            13    36    16             0.428926
Cr_Cu(110)                                            13    36    28             0.554525
Cr_Cu(110)                                            14    36     4             0.508033
Cr_Cu(110)                                            14    36     8             0.651580
Cr_Cu(110)                                            14    36    16             0.722088
Cr_Cu(110)                                            14    36    20             0.636401
Cr_Cu(110)                                            14    36    28             0.554525
Mn_Cu(110)                                             5    36     0             0.636401
Mn_Cu(110)                                             5    36     4             0.492951
Mn_Cu(110)                                             5    36    12             0.636401
Mn_Cu(110)                                             5    36    16             0.428926
Mn_Cu(110)                                             6    36     0             0.699529
Mn_Cu(110)                                             6    36     4             0.556079
Mn_Cu(110)                                             6    36    12             0.639674
Mn_Cu(110)                                             6    36    16             0.432199
Mn_Cu(110)                                             6    36    24             0.673446
Mn_Cu(110)                                             8    36    16             0.447040
Mn_Cu(110)                                            11    36    16             0.722088
Mn_Cu(110)                                            11    36    28             0.786113
Mn_Cu(110)                                            12    36    16             0.471569
Mn_Cu(110)                                            13    36     0             0.636401
Mn_Cu(110)                                            13    36     4             0.786113
Mn_Cu(110)                                            13    36    12             0.651580
Mn_Cu(110)                                            13    36    16             0.444007
Mn_Cu(110)                                            13    36    28             0.554525
Mn_Cu(110)                                            14    36     4             0.508033
Mn_Cu(110)                                            14    36     8             0.651580
Mn_Cu(110)                                            14    36    16             0.722088
Mn_Cu(110)                                            14    36    20             0.636401
Mn_Cu(110)                                            14    36    28             0.554525
Fe_Cu(110)                                             5    36     0             0.636401
Fe_Cu(110)                                             5    36     4             0.517746
Fe_Cu(110)                                             5    36    12             0.636401
Fe_Cu(110)                                             5    36    16             0.446691
Fe_Cu(110)                                             6    36     0             0.539401
Fe_Cu(110)                                             6    36     4             0.420746
Fe_Cu(110)                                             6    36    12             0.639674
Fe_Cu(110)                                             6    36    16             0.449963
Fe_Cu(110)                                             6    36    24             0.673446
Fe_Cu(110)                                             8    36    16             0.464805
Fe_Cu(110)                                            11    36    16             0.739853
Fe_Cu(110)                                            11    36    28             0.810908
Fe_Cu(110)                                            12    36    16             0.489334
Fe_Cu(110)                                            13    36     0             0.636401
Fe_Cu(110)                                            13    36     4             0.810908
Fe_Cu(110)                                            13    36    12             0.651580
Fe_Cu(110)                                            13    36    16             0.461772
Fe_Cu(110)                                            13    36    28             0.598440
Fe_Cu(110)                                            14    36     4             0.532827
Fe_Cu(110)                                            14    36     8             0.651580
Fe_Cu(110)                                            14    36    16             0.739853
Fe_Cu(110)                                            14    36    20             0.636401
Fe_Cu(110)                                            14    36    28             0.634915
Co_Cu(110)                                             5    36    16             0.446691
Co_Cu(110)                                             6    36     0             0.539401
Co_Cu(110)                                             6    36     4             0.541305
Co_Cu(110)                                             6    36    12             0.639674
Co_Cu(110)                                             6    36    16             0.449963
Co_Cu(110)                                             6    36    24             0.673446
Co_Cu(110)                                             8    36    16             0.464805
Co_Cu(110)                                            11    36    16             0.739853
Co_Cu(110)                                            11    36    28             0.931467
Co_Cu(110)                                            12    36    16             0.489334
Co_Cu(110)                                            13    36     0             0.636401
Co_Cu(110)                                            13    36     4             0.931467
Co_Cu(110)                                            13    36    12             0.651580
Co_Cu(110)                                            13    36    16             0.461772
Co_Cu(110)                                            13    36    28             0.809191
Co_Cu(110)                                            14    36     4             0.653387
Co_Cu(110)                                            14    36     8             0.651580
Co_Cu(110)                                            14    36    16             0.739853
Co_Cu(110)                                            14    36    20             0.636401
Co_Cu(110)                                            14    36    28             0.809191
Zn_Cu(110)                                             5    36    16             0.488356
Zn_Cu(110)                                             6    36     0             0.699529
Zn_Cu(110)                                             6    36     4             0.701433
Zn_Cu(110)                                             6    36    12             0.639674
Zn_Cu(110)                                             6    36    16             0.476547
Zn_Cu(110)                                             6    36    24             0.673446
Zn_Cu(110)                                             8    36    16             0.510319
Zn_Cu(110)                                            11    36    16             0.766436
Zn_Cu(110)                                            11    36    28             0.931467
Zn_Cu(110)                                            12    36    16             0.553968
Zn_Cu(110)                                            13    36    16             0.473274
Zn_Cu(110)                                            14    36     4             0.638305
Zn_Cu(110)                                            14    36     8             0.651580
Zn_Cu(110)                                            14    36    16             0.766436
Zn_Cu(110)                                            14    36    20             0.636401
Zn_Cu(110)                                            14    36    28             0.809191
Ga_Cu(110)                                             5    36    16             0.444007
Ga_Cu(110)                                             6    36     0             0.699529
Ga_Cu(110)                                             6    36     4             0.556079
Ga_Cu(110)                                             6    36    12             0.639674
Ga_Cu(110)                                             6    36    16             0.432199
Ga_Cu(110)                                             6    36    24             0.539401
Ga_Cu(110)                                             8    36    16             0.447040
Ga_Cu(110)                                            11    36    16             0.622725
Ga_Cu(110)                                            11    36    28             0.686750
Ga_Cu(110)                                            12    36    16             0.471569
Ga_Cu(110)                                            13    36    16             0.428926
Ga_Cu(110)                                            14    36     4             0.492951
Ga_Cu(110)                                            14    36     8             0.651580
Ga_Cu(110)                                            14    36    16             0.722088
Ga_Cu(110)                                            14    36    20             0.636401
Ga_Cu(110)                                            14    36    28             0.554525
Ge_Cu(110)                                             5    36    16             0.444007
Ge_Cu(110)                                             6    36     0             0.699529
Ge_Cu(110)                                             6    36     4             0.564792
Ge_Cu(110)                                             6    36    12             0.639674
Ge_Cu(110)                                             6    36    16             0.432199
Ge_Cu(110)                                             6    36    24             0.539401
Ge_Cu(110)                                             8    36    16             0.447040
Ge_Cu(110)                                            11    36    16             0.722088
Ge_Cu(110)                                            11    36    28             0.794826
Ge_Cu(110)                                            12    36    16             0.471569
Ge_Cu(110)                                            13    36    16             0.428926
Ge_Cu(110)                                            14    36     4             0.501664
Ge_Cu(110)                                            14    36     8             0.651580
Ge_Cu(110)                                            14    36    16             0.722088
Ge_Cu(110)                                            14    36    20             0.636401
Ge_Cu(110)                                            14    36    28             0.563238
Y_Cu(110)                                              5    36     0             0.636401
Y_Cu(110)                                              5    36     4             0.492951
Y_Cu(110)                                              5    36    12             0.512028
Y_Cu(110)                                              5    36    16             0.531416
Y_Cu(110)                                              6    36     0             0.699529
Y_Cu(110)                                              6    36     4             0.556079
Y_Cu(110)                                              6    36    12             0.527109
Y_Cu(110)                                              6    36    16             0.546498
Y_Cu(110)                                              6    36    24             0.699529
Y_Cu(110)                                              8    36    16             0.549530
Y_Cu(110)                                             11    36    16             0.483694
Y_Cu(110)                                             11    36    28             0.445229
Y_Cu(110)                                             12    36    16             0.561688
Y_Cu(110)                                             13    36     0             0.636401
Y_Cu(110)                                             13    36     4             0.496224
Y_Cu(110)                                             13    36    12             0.549073
Y_Cu(110)                                             13    36    16             0.531416
Y_Cu(110)                                             13    36    28             0.588686
Y_Cu(110)                                             14    36     4             0.492951
Y_Cu(110)                                             14    36     8             0.673446
Y_Cu(110)                                             14    36    16             0.534689
Y_Cu(110)                                             14    36    20             0.512028
Y_Cu(110)                                             14    36    28             0.554525
Zr_Cu(110)                                             5    36     0             0.636401
Zr_Cu(110)                                             5    36     4             0.492951
Zr_Cu(110)                                             5    36    12             0.512028
Zr_Cu(110)                                             5    36    16             0.531416
Zr_Cu(110)                                             6    36     0             0.699529
Zr_Cu(110)                                             6    36     4             0.556079
Zr_Cu(110)                                             6    36    12             0.464306
Zr_Cu(110)                                             6    36    16             0.483694
Zr_Cu(110)                                             6    36    24             0.699529
Zr_Cu(110)                                             8    36    16             0.549530
Zr_Cu(110)                                            11    36    16             0.534689
Zr_Cu(110)                                            11    36    28             0.496224
Zr_Cu(110)                                            12    36    16             0.561688
Zr_Cu(110)                                            13    36     0             0.636401
Zr_Cu(110)                                            13    36     4             0.686750
Zr_Cu(110)                                            13    36    12             0.527207
Zr_Cu(110)                                            13    36    16             0.531416
Zr_Cu(110)                                            13    36    28             0.554525
Zr_Cu(110)                                            14    36     4             0.492951
Zr_Cu(110)                                            14    36     8             0.651580
Zr_Cu(110)                                            14    36    16             0.764107
Zr_Cu(110)                                            14    36    20             0.512028
Zr_Cu(110)                                            14    36    28             0.554525
Nb_Cu(110)                                             5    36     0             0.636401
Nb_Cu(110)                                             5    36     4             0.492951
Nb_Cu(110)                                             5    36    12             0.636401
Nb_Cu(110)                                             5    36    16             0.428926
Nb_Cu(110)                                             6    36     0             0.699529
Nb_Cu(110)                                             6    36     4             0.556079
Nb_Cu(110)                                             6    36    12             0.639674
Nb_Cu(110)                                             6    36    16             0.432199
Nb_Cu(110)                                             6    36    24             0.699529
Nb_Cu(110)                                             8    36    16             0.447040
Nb_Cu(110)                                            11    36    16             0.622725
Nb_Cu(110)                                            11    36    28             0.686750
Nb_Cu(110)                                            12    36    16             0.471569
Nb_Cu(110)                                            13    36     0             0.636401
Nb_Cu(110)                                            13    36     4             0.686750
Nb_Cu(110)                                            13    36    12             0.651580
Nb_Cu(110)                                            13    36    16             0.428926
Nb_Cu(110)                                            13    36    28             0.554525
Nb_Cu(110)                                            14    36     4             0.492951
Nb_Cu(110)                                            14    36     8             0.651580
Nb_Cu(110)                                            14    36    16             0.622725
Nb_Cu(110)                                            14    36    20             0.636401
Nb_Cu(110)                                            14    36    28             0.554525
Mo_Cu(110)                                             5    36     0             0.636401
Mo_Cu(110)                                             5    36     4             0.559098
Mo_Cu(110)                                             5    36    12             0.636401
Mo_Cu(110)                                             5    36    16             0.428926
Mo_Cu(110)                                             6    36     0             0.699529
Mo_Cu(110)                                             6    36     4             0.621740
Mo_Cu(110)                                             6    36    12             0.639674
Mo_Cu(110)                                             6    36    16             0.432199
Mo_Cu(110)                                             6    36    24             0.699529
Mo_Cu(110)                                             8    36    16             0.447040
Mo_Cu(110)                                            11    36    16             0.622725
Mo_Cu(110)                                            11    36    28             0.750509
Mo_Cu(110)                                            12    36    16             0.471569
Mo_Cu(110)                                            13    36     0             0.636401
Mo_Cu(110)                                            13    36     4             0.810694
Mo_Cu(110)                                            13    36    12             0.651580
Mo_Cu(110)                                            13    36    16             0.428926
Mo_Cu(110)                                            13    36    28             0.639305
Mo_Cu(110)                                            14    36     4             0.559098
Mo_Cu(110)                                            14    36     8             0.651580
Mo_Cu(110)                                            14    36    16             0.722088
Mo_Cu(110)                                            14    36    20             0.636401
Mo_Cu(110)                                            14    36    28             0.639305
Tc_Cu(110)                                             5    36     0             0.636401
Tc_Cu(110)                                             5    36     4             0.521219
Tc_Cu(110)                                             5    36    12             0.636401
Tc_Cu(110)                                             5    36    16             0.446691
Tc_Cu(110)                                             6    36     0             0.699529
Tc_Cu(110)                                             6    36     4             0.544254
Tc_Cu(110)                                             6    36    12             0.639674
Tc_Cu(110)                                             6    36    16             0.449963
Tc_Cu(110)                                             6    36    24             0.539401
Tc_Cu(110)                                             8    36    16             0.464805
Tc_Cu(110)                                            11    36    16             0.640489
Tc_Cu(110)                                            11    36    28             0.715018
Tc_Cu(110)                                            12    36    16             0.489334
Tc_Cu(110)                                            13    36     0             0.636401
Tc_Cu(110)                                            13    36     4             0.814381
Tc_Cu(110)                                            13    36    12             0.651580
Tc_Cu(110)                                            13    36    16             0.446691
Tc_Cu(110)                                            13    36    28             0.561819
Tc_Cu(110)                                            14    36     4             0.521219
Tc_Cu(110)                                            14    36     8             0.651580
Tc_Cu(110)                                            14    36    16             0.739853
Tc_Cu(110)                                            14    36    20             0.636401
Tc_Cu(110)                                            14    36    28             0.561819
Ru_Cu(110)                                             5    36     0             0.636401
Ru_Cu(110)                                             5    36     4             0.717417
Ru_Cu(110)                                             5    36    12             0.636401
Ru_Cu(110)                                             5    36    16             0.446691
Ru_Cu(110)                                             6    36     0             0.699529
Ru_Cu(110)                                             6    36     4             0.767181
Ru_Cu(110)                                             6    36    12             0.639674
Ru_Cu(110)                                             6    36    16             0.449963
Ru_Cu(110)                                             6    36    24             0.539401
Ru_Cu(110)                                             8    36    16             0.464805
Ru_Cu(110)                                            11    36    16             0.640489
Ru_Cu(110)                                            11    36    28             0.908828
Ru_Cu(110)                                            12    36    16             0.489334
Ru_Cu(110)                                            13    36     0             0.636401
Ru_Cu(110)                                            13    36     4             0.969013
Ru_Cu(110)                                            13    36    12             0.651580
Ru_Cu(110)                                            13    36    16             0.446691
Ru_Cu(110)                                            13    36    28             0.874939
Ru_Cu(110)                                            14    36     4             0.717417
Ru_Cu(110)                                            14    36     8             0.651580
Ru_Cu(110)                                            14    36    16             0.739853
Ru_Cu(110)                                            14    36    20             0.636401
Ru_Cu(110)                                            14    36    28             0.874939
Cd_Cu(110)                                             5    36     0             0.636401
Cd_Cu(110)                                             5    36     4             0.644018
Cd_Cu(110)                                             5    36    12             0.636401
Cd_Cu(110)                                             5    36    16             0.526860
Cd_Cu(110)                                             6    36     0             0.699529
Cd_Cu(110)                                             6    36     4             0.707146
Cd_Cu(110)                                             6    36    12             0.639674
Cd_Cu(110)                                             6    36    16             0.530132
Cd_Cu(110)                                             6    36    24             0.699529
Cd_Cu(110)                                             8    36    16             0.563904
Cd_Cu(110)                                            11    36    16             0.708481
Cd_Cu(110)                                            11    36    28             0.825639
Cd_Cu(110)                                            12    36    16             0.632372
Cd_Cu(110)                                            13    36     0             0.636401
Cd_Cu(110)                                            13    36     4             0.834343
Cd_Cu(110)                                            13    36    12             0.651580
Cd_Cu(110)                                            13    36    16             0.526860
Cd_Cu(110)                                            13    36    28             0.831179
Cd_Cu(110)                                            14    36     4             0.644018
Cd_Cu(110)                                            14    36     8             0.651580
Cd_Cu(110)                                            14    36    16             0.720658
Cd_Cu(110)                                            14    36    20             0.636401
Cd_Cu(110)                                            14    36    28             0.831179
In_Cu(110)                                             5    36     0             0.636401
In_Cu(110)                                             5    36     4             0.492951
In_Cu(110)                                             5    36    12             0.636401
In_Cu(110)                                             5    36    16             0.428926
In_Cu(110)                                             6    36     0             0.699529
In_Cu(110)                                             6    36     4             0.556079
In_Cu(110)                                             6    36    12             0.588679
In_Cu(110)                                             6    36    16             0.381204
In_Cu(110)                                             6    36    24             0.699529
In_Cu(110)                                             8    36    16             0.447040
In_Cu(110)                                            11    36    16             0.432199
In_Cu(110)                                            11    36    28             0.496224
In_Cu(110)                                            12    36    16             0.471569
In_Cu(110)                                            13    36     0             0.636401
In_Cu(110)                                            13    36     4             0.686750
In_Cu(110)                                            13    36    12             0.651580
In_Cu(110)                                            13    36    16             0.428926
In_Cu(110)                                            13    36    28             0.554525
In_Cu(110)                                            14    36     4             0.492951
In_Cu(110)                                            14    36     8             0.651580
In_Cu(110)                                            14    36    16             0.622725
In_Cu(110)                                            14    36    20             0.636401
In_Cu(110)                                            14    36    28             0.554525
Sn_Cu(110)                                             5    36     0             0.636401
Sn_Cu(110)                                             5    36     4             0.487347
Sn_Cu(110)                                             5    36    12             0.636401
Sn_Cu(110)                                             5    36    16             0.428926
Sn_Cu(110)                                             6    36     0             0.699529
Sn_Cu(110)                                             6    36     4             0.550475
Sn_Cu(110)                                             6    36    12             0.588679
Sn_Cu(110)                                             6    36    16             0.381204
Sn_Cu(110)                                             6    36    24             0.699529
Sn_Cu(110)                                             8    36    16             0.447040
Sn_Cu(110)                                            11    36    16             0.432199
Sn_Cu(110)                                            11    36    28             0.490620
Sn_Cu(110)                                            12    36    16             0.471569
Sn_Cu(110)                                            13    36     0             0.636401
Sn_Cu(110)                                            13    36     4             0.681146
Sn_Cu(110)                                            13    36    12             0.651580
Sn_Cu(110)                                            13    36    16             0.428926
Sn_Cu(110)                                            13    36    28             0.548921
Sn_Cu(110)                                            14    36     4             0.487347
Sn_Cu(110)                                            14    36     8             0.651580
Sn_Cu(110)                                            14    36    16             0.622725
Sn_Cu(110)                                            14    36    20             0.636401
Sn_Cu(110)                                            14    36    28             0.548921
Hf_Cu(110)                                             5    36     0             0.636401
Hf_Cu(110)                                             5    36     4             0.492951
Hf_Cu(110)                                             5    36    12             0.512028
Hf_Cu(110)                                             5    36    16             0.531416
Hf_Cu(110)                                             6    36     0             0.699529
Hf_Cu(110)                                             6    36     4             0.556079
Hf_Cu(110)                                             6    36    12             0.464306
Hf_Cu(110)                                             6    36    16             0.483694
Hf_Cu(110)                                             6    36    24             0.699529
Hf_Cu(110)                                             8    36    16             0.549530
Hf_Cu(110)                                            11    36    16             0.534689
Hf_Cu(110)                                            11    36    28             0.496224
Hf_Cu(110)                                            12    36    16             0.561688
Hf_Cu(110)                                            13    36     0             0.636401
Hf_Cu(110)                                            13    36     4             0.686750
Hf_Cu(110)                                            13    36    12             0.527207
Hf_Cu(110)                                            13    36    16             0.531416
Hf_Cu(110)                                            13    36    28             0.554525
Hf_Cu(110)                                            14    36     4             0.492951
Hf_Cu(110)                                            14    36     8             0.651580
Hf_Cu(110)                                            14    36    16             0.764107
Hf_Cu(110)                                            14    36    20             0.512028
Hf_Cu(110)                                            14    36    28             0.554525
Ta_Cu(110)                                             5    36     0             0.636401
Ta_Cu(110)                                             5    36     4             0.492951
Ta_Cu(110)                                             5    36    12             0.636401
Ta_Cu(110)                                             5    36    16             0.448003
Ta_Cu(110)                                             6    36     0             0.699529
Ta_Cu(110)                                             6    36     4             0.556079
Ta_Cu(110)                                             6    36    12             0.639674
Ta_Cu(110)                                             6    36    16             0.451275
Ta_Cu(110)                                             6    36    24             0.699529
Ta_Cu(110)                                             8    36    16             0.466117
Ta_Cu(110)                                            11    36    16             0.815320
Ta_Cu(110)                                            11    36    28             0.686750
Ta_Cu(110)                                            12    36    16             0.490646
Ta_Cu(110)                                            13    36     0             0.636401
Ta_Cu(110)                                            13    36     4             0.686750
Ta_Cu(110)                                            13    36    12             0.651580
Ta_Cu(110)                                            13    36    16             0.448003
Ta_Cu(110)                                            13    36    28             0.554525
Ta_Cu(110)                                            14    36     4             0.492951
Ta_Cu(110)                                            14    36     8             0.651580
Ta_Cu(110)                                            14    36    16             0.815320
Ta_Cu(110)                                            14    36    20             0.636401
Ta_Cu(110)                                            14    36    28             0.554525
W_Cu(110)                                              5    36     0             0.636401
W_Cu(110)                                              5    36     4             0.492951
W_Cu(110)                                              5    36    12             0.636401
W_Cu(110)                                              5    36    16             0.428926
W_Cu(110)                                              6    36     0             0.699529
W_Cu(110)                                              6    36     4             0.556079
W_Cu(110)                                              6    36    12             0.639674
W_Cu(110)                                              6    36    16             0.432199
W_Cu(110)                                              6    36    24             0.699529
W_Cu(110)                                              8    36    16             0.447040
W_Cu(110)                                             11    36    16             0.622725
W_Cu(110)                                             11    36    28             0.686750
W_Cu(110)                                             12    36    16             0.471569
W_Cu(110)                                             13    36     0             0.636401
W_Cu(110)                                             13    36     4             0.786113
W_Cu(110)                                             13    36    12             0.651580
W_Cu(110)                                             13    36    16             0.428926
W_Cu(110)                                             13    36    28             0.554525
W_Cu(110)                                             14    36     4             0.492951
W_Cu(110)                                             14    36     8             0.651580
W_Cu(110)                                             14    36    16             0.722088
W_Cu(110)                                             14    36    20             0.636401
W_Cu(110)                                             14    36    28             0.554525
Re_Cu(110)                                             5    36     0             0.636401
Re_Cu(110)                                             5    36     4             0.517746
Re_Cu(110)                                             5    36    12             0.636401
Re_Cu(110)                                             5    36    16             0.428926
Re_Cu(110)                                             6    36     0             0.699529
Re_Cu(110)                                             6    36     4             0.580874
Re_Cu(110)                                             6    36    12             0.639674
Re_Cu(110)                                             6    36    16             0.432199
Re_Cu(110)                                             6    36    24             0.539401
Re_Cu(110)                                             8    36    16             0.447040
Re_Cu(110)                                            11    36    16             0.622725
Re_Cu(110)                                            11    36    28             0.711545
Re_Cu(110)                                            12    36    16             0.471569
Re_Cu(110)                                            13    36     0             0.636401
Re_Cu(110)                                            13    36     4             0.810908
Re_Cu(110)                                            13    36    12             0.651580
Re_Cu(110)                                            13    36    16             0.428926
Re_Cu(110)                                            13    36    28             0.598440
Re_Cu(110)                                            14    36     4             0.517746
Re_Cu(110)                                            14    36     8             0.651580
Re_Cu(110)                                            14    36    16             0.722088
Re_Cu(110)                                            14    36    20             0.636401
Re_Cu(110)                                            14    36    28             0.598440
Os_Cu(110)                                             5    36     0             0.636401
Os_Cu(110)                                             5    36     4             0.717417
Os_Cu(110)                                             5    36    12             0.636401
Os_Cu(110)                                             5    36    16             0.446691
Os_Cu(110)                                             6    36     0             0.699529
Os_Cu(110)                                             6    36     4             0.767181
Os_Cu(110)                                             6    36    12             0.639674
Os_Cu(110)                                             6    36    16             0.449963
Os_Cu(110)                                             6    36    24             0.539401
Os_Cu(110)                                             8    36    16             0.464805
Os_Cu(110)                                            11    36    16             0.640489
Os_Cu(110)                                            11    36    28             0.908828
Os_Cu(110)                                            12    36    16             0.489334
Os_Cu(110)                                            13    36     0             0.636401
Os_Cu(110)                                            13    36     4             0.969013
Os_Cu(110)                                            13    36    12             0.651580
Os_Cu(110)                                            13    36    16             0.446691
Os_Cu(110)                                            13    36    28             0.874939
Os_Cu(110)                                            14    36     4             0.717417
Os_Cu(110)                                            14    36     8             0.651580
Os_Cu(110)                                            14    36    16             0.739853
Os_Cu(110)                                            14    36    20             0.636401
Os_Cu(110)                                            14    36    28             0.874939
Hg_Cu(110)                                             5    36    16             0.627890
Hg_Cu(110)                                             6    36     0             0.699529
Hg_Cu(110)                                             6    36     4             0.701433
Hg_Cu(110)                                             6    36    12             0.639674
Hg_Cu(110)                                             6    36    16             0.631163
Hg_Cu(110)                                             6    36    24             0.699529
Hg_Cu(110)                                             8    36    16             0.670032
Hg_Cu(110)                                            11    36    16             0.710703
Hg_Cu(110)                                            11    36    28             0.721118
Hg_Cu(110)                                            12    36    16             0.683395
Hg_Cu(110)                                            13    36    16             0.627890
Hg_Cu(110)                                            14    36     4             0.638305
Hg_Cu(110)                                            14    36     8             0.651580
Hg_Cu(110)                                            14    36    16             0.813218
Hg_Cu(110)                                            14    36    20             0.636401
Hg_Cu(110)                                            14    36    28             0.809191
Tl_Cu(110)                                             5    36     0             0.636401
Tl_Cu(110)                                             5    36     4             0.492951
Tl_Cu(110)                                             5    36    12             0.636401
Tl_Cu(110)                                             5    36    16             0.428926
Tl_Cu(110)                                             6    36     0             0.699529
Tl_Cu(110)                                             6    36     4             0.556079
Tl_Cu(110)                                             6    36    12             0.588679
Tl_Cu(110)                                             6    36    16             0.381204
Tl_Cu(110)                                             6    36    24             0.699529
Tl_Cu(110)                                             8    36    16             0.447040
Tl_Cu(110)                                            11    36    16             0.432199
Tl_Cu(110)                                            11    36    28             0.496224
Tl_Cu(110)                                            12    36    16             0.471569
Tl_Cu(110)                                            13    36     0             0.636401
Tl_Cu(110)                                            13    36     4             0.686750
Tl_Cu(110)                                            13    36    12             0.651580
Tl_Cu(110)                                            13    36    16             0.428926
Tl_Cu(110)                                            13    36    28             0.554525
Tl_Cu(110)                                            14    36     4             0.492951
Tl_Cu(110)                                            14    36     8             0.651580
Tl_Cu(110)                                            14    36    16             0.622725
Tl_Cu(110)                                            14    36    20             0.636401
Tl_Cu(110)                                            14    36    28             0.554525
Pb_Cu(110)                                             5    36     0             0.636401
Pb_Cu(110)                                             5    36     4             0.492951
Pb_Cu(110)                                             5    36    12             0.636401
Pb_Cu(110)                                             5    36    16             0.428926
Pb_Cu(110)                                             6    36     0             0.699529
Pb_Cu(110)                                             6    36     4             0.556079
Pb_Cu(110)                                             6    36    12             0.588679
Pb_Cu(110)                                             6    36    16             0.381204
Pb_Cu(110)                                             6    36    24             0.699529
Pb_Cu(110)                                             8    36    16             0.447040
Pb_Cu(110)                                            11    36    16             0.432199
Pb_Cu(110)                                            11    36    28             0.496224
Pb_Cu(110)                                            12    36    16             0.471569
Pb_Cu(110)                                            13    36     0             0.636401
Pb_Cu(110)                                            13    36     4             0.674573
Pb_Cu(110)                                            13    36    12             0.651580
Pb_Cu(110)                                            13    36    16             0.428926
Pb_Cu(110)                                            13    36    28             0.554525
Pb_Cu(110)                                            14    36     4             0.492951
Pb_Cu(110)                                            14    36     8             0.651580
Pb_Cu(110)                                            14    36    16             0.617326
Pb_Cu(110)                                            14    36    20             0.636401
Pb_Cu(110)                                            14    36    28             0.554525
Sc_Au(211)                                             0    45    22             0.546474
Sc_Au(211)                                             2    45     7             0.967134
Sc_Au(211)                                             2    45    11             0.825011
Sc_Au(211)                                             2    45    22             0.592630
Sc_Au(211)                                             2    45    37             0.890507
Sc_Au(211)                                             2    45    41             0.989132
Sc_Au(211)                                             3    45     7             0.835067
Sc_Au(211)                                             3    45    11             0.885577
Sc_Au(211)                                             3    45    22             0.589971
Sc_Au(211)                                             4    45     7             0.837725
Sc_Au(211)                                             4    45    11             0.878664
Sc_Au(211)                                             4    45    22             0.670324
Sc_Au(211)                                             4    45    26             0.885577
Sc_Au(211)                                             6    45     7             0.890507
Sc_Au(211)                                             6    45    11             0.876006
Sc_Au(211)                                             6    45    22             0.592630
Sc_Au(211)                                             6    45    26             0.876006
Sc_Au(211)                                             6    45    37             0.890507
Sc_Au(211)                                             8    45     7             0.903228
Sc_Au(211)                                             8    45    11             0.878664
Sc_Au(211)                                             8    45    22             0.592630
Sc_Au(211)                                             8    45    26             0.937218
Sc_Au(211)                                            10    45    22             0.562363
Sc_Au(211)                                            11    45     7             0.835067
Sc_Au(211)                                            11    45    11             0.878664
Sc_Au(211)                                            11    45    22             0.589971
Sc_Au(211)                                            11    45    26             0.919075
Sc_Au(211)                                            11    45    41             1.045117
Sc_Au(211)                                            14    45     7             0.908651
Sc_Au(211)                                            14    45    11             0.878664
Sc_Au(211)                                            14    45    22             0.670324
Sc_Au(211)                                            14    45    26             0.878664
Sc_Au(211)                                            14    45    37             0.908651
Sc_Au(211)                                            15    45    22             0.597380
Sc_Au(211)                                            17    45     7             0.784072
Sc_Au(211)                                            17    45    11             0.931795
Sc_Au(211)                                            17    45    22             0.538976
Ti_Au(211)                                             0    45    22             0.546474
Ti_Au(211)                                             2    45     7             0.967134
Ti_Au(211)                                             2    45    11             0.876006
Ti_Au(211)                                             2    45    22             0.592630
Ti_Au(211)                                             2    45    37             0.890507
Ti_Au(211)                                             2    45    41             0.989132
Ti_Au(211)                                             3    45     7             0.835067
Ti_Au(211)                                             3    45    11             0.885577
Ti_Au(211)                                             3    45    22             0.589971
Ti_Au(211)                                             4    45     7             0.837725
Ti_Au(211)                                             4    45    11             0.893745
Ti_Au(211)                                             4    45    22             0.730509
Ti_Au(211)                                             4    45    26             0.880479
Ti_Au(211)                                             6    45     7             0.890507
Ti_Au(211)                                             6    45    11             1.102385
Ti_Au(211)                                             6    45    22             0.592630
Ti_Au(211)                                             6    45    26             1.102385
Ti_Au(211)                                             6    45    37             0.890507
Ti_Au(211)                                             8    45     7             0.866504
Ti_Au(211)                                             8    45    11             0.878664
Ti_Au(211)                                             8    45    22             0.592630
Ti_Au(211)                                             8    45    26             0.931795
Ti_Au(211)                                            10    45    22             0.562363
Ti_Au(211)                                            11    45     7             0.835067
Ti_Au(211)                                            11    45    11             0.878664
Ti_Au(211)                                            11    45    22             0.589971
Ti_Au(211)                                            11    45    26             0.919075
Ti_Au(211)                                            11    45    41             1.045117
Ti_Au(211)                                            14    45     7             0.908651
Ti_Au(211)                                            14    45    11             0.893745
Ti_Au(211)                                            14    45    22             0.670324
Ti_Au(211)                                            14    45    26             0.893745
Ti_Au(211)                                            14    45    37             0.908651
Ti_Au(211)                                            15    45    22             0.597380
Ti_Au(211)                                            17    45     7             0.784072
Ti_Au(211)                                            17    45    11             0.931795
Ti_Au(211)                                            17    45    22             0.538976
V_Au(211)                                              0    45    22             0.546474
V_Au(211)                                              2    45    22             0.592630
V_Au(211)                                              3    45     7             0.889339
V_Au(211)                                              3    45    11             0.836131
V_Au(211)                                              3    45    22             0.652714
V_Au(211)                                              4    45     7             0.837725
V_Au(211)                                              4    45    11             0.780663
V_Au(211)                                              4    45    22             0.730509
V_Au(211)                                              4    45    26             0.834316
V_Au(211)                                              6    45     7             0.890507
V_Au(211)                                              6    45    11             1.083286
V_Au(211)                                              6    45    22             0.592630
V_Au(211)                                              6    45    26             1.083286
V_Au(211)                                              6    45    37             0.890507
V_Au(211)                                              8    45     7             0.866504
V_Au(211)                                              8    45    11             0.834316
V_Au(211)                                              8    45    22             0.592630
V_Au(211)                                              8    45    26             0.876948
V_Au(211)                                             10    45    22             0.562363
V_Au(211)                                             11    45     7             0.835067
V_Au(211)                                             11    45    11             0.834316
V_Au(211)                                             11    45    22             0.589971
V_Au(211)                                             11    45    26             0.843098
V_Au(211)                                             11    45    41             1.060672
V_Au(211)                                             14    45     7             0.908651
V_Au(211)                                             14    45    11             0.849397
V_Au(211)                                             14    45    22             0.730509
V_Au(211)                                             14    45    26             0.849397
V_Au(211)                                             14    45    37             0.908651
V_Au(211)                                             15    45    22             0.597380
V_Au(211)                                             17    45     7             0.784072
V_Au(211)                                             17    45    11             0.876948
V_Au(211)                                             17    45    22             0.538976
Cr_Au(211)                                             0    45    22             0.546474
Cr_Au(211)                                             2    45    22             0.592630
Cr_Au(211)                                             3    45     7             0.906949
Cr_Au(211)                                             3    45    11             0.810313
Cr_Au(211)                                             3    45    22             0.670324
Cr_Au(211)                                             4    45     7             0.837725
Cr_Au(211)                                             4    45    11             0.831658
Cr_Au(211)                                             4    45    22             0.730509
Cr_Au(211)                                             4    45    26             0.834316
Cr_Au(211)                                             4    45    37             0.890507
Cr_Au(211)                                             6    45     7             0.890507
Cr_Au(211)                                             6    45    11             1.083286
Cr_Au(211)                                             6    45    22             0.592630
Cr_Au(211)                                             6    45    26             1.083286
Cr_Au(211)                                             6    45    37             0.890507
Cr_Au(211)                                            10    45    22             0.562363
Cr_Au(211)                                            11    45     7             0.835067
Cr_Au(211)                                            11    45    11             0.834316
Cr_Au(211)                                            11    45    22             0.589971
Cr_Au(211)                                            11    45    26             0.843098
Cr_Au(211)                                            11    45    41             1.060672
Cr_Au(211)                                            14    45     7             0.908651
Cr_Au(211)                                            14    45    11             0.780663
Cr_Au(211)                                            14    45    22             0.730509
Cr_Au(211)                                            14    45    26             0.780663
Cr_Au(211)                                            14    45    37             0.908651
Cr_Au(211)                                            15    45    22             0.597380
Cr_Au(211)                                            17    45     7             0.784072
Cr_Au(211)                                            17    45    11             0.876948
Cr_Au(211)                                            17    45    22             0.538976
Mn_Au(211)                                             0    45    22             0.546474
Mn_Au(211)                                             2    45    22             0.592630
Mn_Au(211)                                             3    45     7             0.906949
Mn_Au(211)                                             3    45    11             0.821584
Mn_Au(211)                                             3    45    22             0.670324
Mn_Au(211)                                             4    45     7             0.837725
Mn_Au(211)                                             4    45    11             0.842929
Mn_Au(211)                                             4    45    22             0.730509
Mn_Au(211)                                             4    45    26             0.845587
Mn_Au(211)                                             4    45    37             0.890507
Mn_Au(211)                                             6    45     7             0.890507
Mn_Au(211)                                             6    45    11             1.094558
Mn_Au(211)                                             6    45    22             0.592630
Mn_Au(211)                                             6    45    26             1.094558
Mn_Au(211)                                             6    45    37             0.890507
Mn_Au(211)                                            10    45    22             0.562363
Mn_Au(211)                                            11    45     7             0.835067
Mn_Au(211)                                            11    45    11             0.860669
Mn_Au(211)                                            11    45    22             0.589971
Mn_Au(211)                                            11    45    26             0.880901
Mn_Au(211)                                            11    45    41             1.060672
Mn_Au(211)                                            14    45     7             0.908651
Mn_Au(211)                                            14    45    11             0.791934
Mn_Au(211)                                            14    45    22             0.730509
Mn_Au(211)                                            14    45    26             0.791934
Mn_Au(211)                                            14    45    37             0.908651
Mn_Au(211)                                            15    45    22             0.597380
Mn_Au(211)                                            17    45     7             0.784072
Mn_Au(211)                                            17    45    11             0.893621
Mn_Au(211)                                            17    45    22             0.538976
Fe_Au(211)                                             0    45    22             0.546474
Fe_Au(211)                                             2    45    22             0.592630
Fe_Au(211)                                             3    45     7             0.862600
Fe_Au(211)                                             3    45    11             0.810313
Fe_Au(211)                                             3    45    22             0.670324
Fe_Au(211)                                             4    45     7             0.793377
Fe_Au(211)                                             4    45    11             0.831658
Fe_Au(211)                                             4    45    22             0.730509
Fe_Au(211)                                             4    45    26             0.834316
Fe_Au(211)                                             4    45    37             0.814530
Fe_Au(211)                                             6    45    22             0.592630
Fe_Au(211)                                            10    45    22             0.562363
Fe_Au(211)                                            11    45     7             0.790719
Fe_Au(211)                                            11    45    11             0.849397
Fe_Au(211)                                            11    45    22             0.589971
Fe_Au(211)                                            11    45    26             0.853425
Fe_Au(211)                                            11    45    41             1.060672
Fe_Au(211)                                            14    45     7             0.853803
Fe_Au(211)                                            14    45    11             0.780663
Fe_Au(211)                                            14    45    22             0.730509
Fe_Au(211)                                            14    45    26             0.780663
Fe_Au(211)                                            14    45    37             0.853803
Fe_Au(211)                                            15    45    22             0.597380
Fe_Au(211)                                            17    45     7             0.739724
Fe_Au(211)                                            17    45    11             0.857997
Fe_Au(211)                                            17    45    22             0.538976
Co_Au(211)                                             0    45    22             0.546474
Co_Au(211)                                             2    45    22             0.592630
Co_Au(211)                                             3    45     7             0.862600
Co_Au(211)                                             3    45    11             0.813189
Co_Au(211)                                             3    45    22             0.670324
Co_Au(211)                                             4    45     7             0.793377
Co_Au(211)                                             4    45    11             0.834534
Co_Au(211)                                             4    45    22             0.730509
Co_Au(211)                                             4    45    26             0.837192
Co_Au(211)                                             4    45    37             0.814530
Co_Au(211)                                             6    45    22             0.592630
Co_Au(211)                                            10    45    22             0.562363
Co_Au(211)                                            11    45     7             0.778972
Co_Au(211)                                            11    45    11             0.852274
Co_Au(211)                                            11    45    22             0.578225
Co_Au(211)                                            11    45    26             0.902808
Co_Au(211)                                            11    45    41             1.124740
Co_Au(211)                                            14    45     7             0.853803
Co_Au(211)                                            14    45    11             0.783539
Co_Au(211)                                            14    45    22             0.730509
Co_Au(211)                                            14    45    26             0.783539
Co_Au(211)                                            14    45    37             0.853803
Co_Au(211)                                            15    45    22             0.597380
Co_Au(211)                                            17    45     7             0.739724
Co_Au(211)                                            17    45    11             0.860873
Co_Au(211)                                            17    45    22             0.538976
Zn_Au(211)                                             0    45    22             0.606389
Zn_Au(211)                                             2    45    22             0.609426
Zn_Au(211)                                             3    45     7             0.904541
Zn_Au(211)                                             3    45    11             0.818737
Zn_Au(211)                                             3    45    22             0.676289
Zn_Au(211)                                             4    45     7             0.846149
Zn_Au(211)                                             4    45    11             0.840081
Zn_Au(211)                                             4    45    22             0.747305
Zn_Au(211)                                             4    45    26             0.842740
Zn_Au(211)                                             4    45    37             0.918051
Zn_Au(211)                                             6    45    22             0.609426
Zn_Au(211)                                            10    45    22             0.622279
Zn_Au(211)                                            11    45     7             0.843491
Zn_Au(211)                                            11    45    11             0.842740
Zn_Au(211)                                            11    45    22             0.606767
Zn_Au(211)                                            11    45    26             0.870641
Zn_Au(211)                                            11    45    41             1.060672
Zn_Au(211)                                            14    45     7             0.917075
Zn_Au(211)                                            14    45    11             0.857821
Zn_Au(211)                                            14    45    22             0.747305
Zn_Au(211)                                            14    45    26             0.857821
Zn_Au(211)                                            14    45    37             0.917075
Zn_Au(211)                                            15    45    22             0.633107
Zn_Au(211)                                            17    45     7             0.792496
Zn_Au(211)                                            17    45    11             0.885372
Zn_Au(211)                                            17    45    22             0.555772
Ga_Au(211)                                             0    45    22             0.546474
Ga_Au(211)                                             2    45    22             0.592630
Ga_Au(211)                                             3    45     7             0.790719
Ga_Au(211)                                             3    45    11             0.836131
Ga_Au(211)                                             3    45    22             0.589971
Ga_Au(211)                                             4    45     7             0.793377
Ga_Au(211)                                             4    45    11             0.780663
Ga_Au(211)                                             4    45    22             0.730509
Ga_Au(211)                                             4    45    26             0.810313
Ga_Au(211)                                             6    45    22             0.592630
Ga_Au(211)                                            10    45    22             0.562363
Ga_Au(211)                                            11    45     7             0.790719
Ga_Au(211)                                            11    45    11             0.834316
Ga_Au(211)                                            11    45    22             0.589971
Ga_Au(211)                                            11    45    26             0.843098
Ga_Au(211)                                            11    45    41             1.060672
Ga_Au(211)                                            14    45     7             0.853803
Ga_Au(211)                                            14    45    11             0.849397
Ga_Au(211)                                            14    45    22             0.730509
Ga_Au(211)                                            14    45    26             0.849397
Ga_Au(211)                                            14    45    37             0.853803
Ga_Au(211)                                            15    45    22             0.597380
Ga_Au(211)                                            17    45     7             0.739724
Ga_Au(211)                                            17    45    11             0.876948
Ga_Au(211)                                            17    45    22             0.538976
Ge_Au(211)                                             0    45    22             0.546474
Ge_Au(211)                                             2    45    22             0.592630
Ge_Au(211)                                             3    45     7             0.785171
Ge_Au(211)                                             3    45    11             0.830584
Ge_Au(211)                                             3    45    22             0.589971
Ge_Au(211)                                             4    45     7             0.787829
Ge_Au(211)                                             4    45    11             0.775115
Ge_Au(211)                                             4    45    22             0.730509
Ge_Au(211)                                             4    45    26             0.804765
Ge_Au(211)                                             6    45    22             0.592630
Ge_Au(211)                                            10    45    22             0.562363
Ge_Au(211)                                            11    45     7             0.785171
Ge_Au(211)                                            11    45    11             0.828768
Ge_Au(211)                                            11    45    22             0.589971
Ge_Au(211)                                            11    45    26             0.817750
Ge_Au(211)                                            11    45    41             1.060672
Ge_Au(211)                                            14    45     7             0.828456
Ge_Au(211)                                            14    45    11             0.843850
Ge_Au(211)                                            14    45    22             0.730509
Ge_Au(211)                                            14    45    26             0.843850
Ge_Au(211)                                            14    45    37             0.828456
Ge_Au(211)                                            15    45    22             0.597380
Ge_Au(211)                                            17    45     7             0.734176
Ge_Au(211)                                            17    45    11             0.851600
Ge_Au(211)                                            17    45    22             0.538976
Y_Au(211)                                              0    45    22             0.546474
Y_Au(211)                                              2    45     7             0.967134
Y_Au(211)                                              2    45    11             0.893745
Y_Au(211)                                              2    45    22             0.592630
Y_Au(211)                                              2    45    41             0.990947
Y_Au(211)                                              3    45     7             0.852807
Y_Au(211)                                              3    45    11             0.931795
Y_Au(211)                                              3    45    22             0.607711
Y_Au(211)                                              4    45     7             0.837725
Y_Au(211)                                              4    45    11             0.878664
Y_Au(211)                                              4    45    22             0.589971
Y_Au(211)                                              4    45    26             0.907442
Y_Au(211)                                              6    45     7             0.890507
Y_Au(211)                                              6    45    11             0.876006
Y_Au(211)                                              6    45    22             0.592630
Y_Au(211)                                              6    45    26             0.876006
Y_Au(211)                                              6    45    37             0.890507
Y_Au(211)                                              8    45     7             0.903228
Y_Au(211)                                              8    45    11             0.878664
Y_Au(211)                                              8    45    22             0.592630
Y_Au(211)                                              8    45    26             0.937218
Y_Au(211)                                             10    45    22             0.562363
Y_Au(211)                                             11    45     7             0.784072
Y_Au(211)                                             11    45    11             0.878664
Y_Au(211)                                             11    45    22             0.538976
Y_Au(211)                                             11    45    26             0.972672
Y_Au(211)                                             11    45    41             1.098714
Y_Au(211)                                             14    45     7             0.908651
Y_Au(211)                                             14    45    11             0.878664
Y_Au(211)                                             14    45    22             0.589971
Y_Au(211)                                             14    45    26             0.878664
Y_Au(211)                                             14    45    37             0.908651
Y_Au(211)                                             15    45    22             0.597380
Y_Au(211)                                             17    45     7             0.784072
Y_Au(211)                                             17    45    11             0.931795
Y_Au(211)                                             17    45    22             0.538976
Zr_Au(211)                                             0    45    22             0.546474
Zr_Au(211)                                             2    45     7             0.967134
Zr_Au(211)                                             2    45    11             0.825011
Zr_Au(211)                                             2    45    22             0.592630
Zr_Au(211)                                             2    45    41             0.989132
Zr_Au(211)                                             3    45     7             0.835067
Zr_Au(211)                                             3    45    11             0.885577
Zr_Au(211)                                             3    45    22             0.589971
Zr_Au(211)                                             4    45     7             0.837725
Zr_Au(211)                                             4    45    11             0.878664
Zr_Au(211)                                             4    45    22             0.670324
Zr_Au(211)                                             4    45    26             0.885577
Zr_Au(211)                                             6    45     7             0.890507
Zr_Au(211)                                             6    45    11             0.876006
Zr_Au(211)                                             6    45    22             0.592630
Zr_Au(211)                                             6    45    26             0.876006
Zr_Au(211)                                             6    45    37             0.890507
Zr_Au(211)                                             8    45     7             0.903228
Zr_Au(211)                                             8    45    11             0.878664
Zr_Au(211)                                             8    45    22             0.592630
Zr_Au(211)                                             8    45    26             0.937218
Zr_Au(211)                                            10    45    22             0.562363
Zr_Au(211)                                            11    45     7             0.835067
Zr_Au(211)                                            11    45    11             0.878664
Zr_Au(211)                                            11    45    22             0.589971
Zr_Au(211)                                            11    45    26             0.919075
Zr_Au(211)                                            11    45    41             1.045117
Zr_Au(211)                                            14    45     7             0.908651
Zr_Au(211)                                            14    45    11             0.878664
Zr_Au(211)                                            14    45    22             0.670324
Zr_Au(211)                                            14    45    26             0.878664
Zr_Au(211)                                            14    45    37             0.908651
Zr_Au(211)                                            15    45    22             0.597380
Zr_Au(211)                                            17    45     7             0.784072
Zr_Au(211)                                            17    45    11             0.931795
Zr_Au(211)                                            17    45    22             0.538976
Nb_Au(211)                                             0    45    22             0.546474
Nb_Au(211)                                             2    45     7             0.967134
Nb_Au(211)                                             2    45    11             0.842929
Nb_Au(211)                                             2    45    22             0.592630
Nb_Au(211)                                             2    45    37             0.890507
Nb_Au(211)                                             2    45    41             0.989132
Nb_Au(211)                                             3    45     7             0.835067
Nb_Au(211)                                             3    45    11             0.847403
Nb_Au(211)                                             3    45    22             0.589971
Nb_Au(211)                                             4    45     7             0.837725
Nb_Au(211)                                             4    45    11             0.860669
Nb_Au(211)                                             4    45    22             0.730509
Nb_Au(211)                                             4    45    26             0.847403
Nb_Au(211)                                             6    45     7             0.890507
Nb_Au(211)                                             6    45    11             1.069308
Nb_Au(211)                                             6    45    22             0.592630
Nb_Au(211)                                             6    45    26             1.069308
Nb_Au(211)                                             6    45    37             0.890507
Nb_Au(211)                                             8    45     7             0.866504
Nb_Au(211)                                             8    45    11             0.845587
Nb_Au(211)                                             8    45    22             0.592630
Nb_Au(211)                                             8    45    26             0.893621
Nb_Au(211)                                            10    45    22             0.562363
Nb_Au(211)                                            11    45     7             0.835067
Nb_Au(211)                                            11    45    11             0.845587
Nb_Au(211)                                            11    45    22             0.589971
Nb_Au(211)                                            11    45    26             0.880901
Nb_Au(211)                                            11    45    41             1.045117
Nb_Au(211)                                            14    45     7             0.908651
Nb_Au(211)                                            14    45    11             0.845587
Nb_Au(211)                                            14    45    22             0.670324
Nb_Au(211)                                            14    45    26             0.845587
Nb_Au(211)                                            14    45    37             0.908651
Nb_Au(211)                                            15    45    22             0.597380
Nb_Au(211)                                            17    45     7             0.784072
Nb_Au(211)                                            17    45    11             0.893621
Nb_Au(211)                                            17    45    22             0.538976
Mo_Au(211)                                             0    45    22             0.546474
Mo_Au(211)                                             2    45    22             0.592630
Mo_Au(211)                                             3    45     7             0.785171
Mo_Au(211)                                             3    45    11             0.830584
Mo_Au(211)                                             3    45    22             0.589971
Mo_Au(211)                                             4    45     7             0.787829
Mo_Au(211)                                             4    45    11             0.843850
Mo_Au(211)                                             4    45    22             0.730509
Mo_Au(211)                                             4    45    26             0.804765
Mo_Au(211)                                             6    45     7             0.773628
Mo_Au(211)                                             6    45    11             1.052489
Mo_Au(211)                                             6    45    22             0.592630
Mo_Au(211)                                             6    45    26             1.052489
Mo_Au(211)                                             6    45    37             0.773628
Mo_Au(211)                                             8    45     7             0.811511
Mo_Au(211)                                             8    45    11             0.828768
Mo_Au(211)                                             8    45    22             0.592630
Mo_Au(211)                                             8    45    26             0.851600
Mo_Au(211)                                            10    45    22             0.562363
Mo_Au(211)                                            11    45     7             0.785171
Mo_Au(211)                                            11    45    11             0.828768
Mo_Au(211)                                            11    45    22             0.589971
Mo_Au(211)                                            11    45    26             0.802195
Mo_Au(211)                                            11    45    41             1.045117
Mo_Au(211)                                            14    45     7             0.828456
Mo_Au(211)                                            14    45    11             0.843850
Mo_Au(211)                                            14    45    22             0.670324
Mo_Au(211)                                            14    45    26             0.843850
Mo_Au(211)                                            14    45    37             0.828456
Mo_Au(211)                                            15    45    22             0.597380
Mo_Au(211)                                            17    45     7             0.734176
Mo_Au(211)                                            17    45    11             0.851600
Mo_Au(211)                                            17    45    22             0.538976
Tc_Au(211)                                             0    45    22             0.546474
Tc_Au(211)                                             2    45    22             0.592630
Tc_Au(211)                                             3    45     7             0.785171
Tc_Au(211)                                             3    45    11             0.830584
Tc_Au(211)                                             3    45    22             0.589971
Tc_Au(211)                                             4    45     7             0.787829
Tc_Au(211)                                             4    45    11             0.775115
Tc_Au(211)                                             4    45    22             0.730509
Tc_Au(211)                                             4    45    26             0.804765
Tc_Au(211)                                             6    45     7             0.773628
Tc_Au(211)                                             6    45    11             1.052489
Tc_Au(211)                                             6    45    22             0.592630
Tc_Au(211)                                             6    45    26             1.052489
Tc_Au(211)                                             6    45    37             0.773628
Tc_Au(211)                                             8    45     7             0.811511
Tc_Au(211)                                             8    45    11             0.828768
Tc_Au(211)                                             8    45    22             0.592630
Tc_Au(211)                                             8    45    26             0.851600
Tc_Au(211)                                            10    45    22             0.562363
Tc_Au(211)                                            11    45     7             0.785171
Tc_Au(211)                                            11    45    11             0.828768
Tc_Au(211)                                            11    45    22             0.589971
Tc_Au(211)                                            11    45    26             0.802195
Tc_Au(211)                                            11    45    41             1.045117
Tc_Au(211)                                            14    45     7             0.828456
Tc_Au(211)                                            14    45    11             0.843850
Tc_Au(211)                                            14    45    22             0.730509
Tc_Au(211)                                            14    45    26             0.843850
Tc_Au(211)                                            14    45    37             0.828456
Tc_Au(211)                                            15    45    22             0.597380
Tc_Au(211)                                            17    45     7             0.802911
Tc_Au(211)                                            17    45    11             0.851600
Tc_Au(211)                                            17    45    22             0.607711
Ru_Au(211)                                             0    45    22             0.546474
Ru_Au(211)                                             2    45    22             0.592630
Ru_Au(211)                                             3    45     7             0.793595
Ru_Au(211)                                             3    45    11             0.839008
Ru_Au(211)                                             3    45    22             0.589971
Ru_Au(211)                                             4    45     7             0.796253
Ru_Au(211)                                             4    45    11             0.783539
Ru_Au(211)                                             4    45    22             0.730509
Ru_Au(211)                                             4    45    26             0.813189
Ru_Au(211)                                             6    45     7             0.801171
Ru_Au(211)                                             6    45    11             1.060913
Ru_Au(211)                                             6    45    22             0.592630
Ru_Au(211)                                             6    45    26             1.060913
Ru_Au(211)                                             6    45    37             0.801171
Ru_Au(211)                                             8    45     7             0.819934
Ru_Au(211)                                             8    45    11             0.837192
Ru_Au(211)                                             8    45    22             0.592630
Ru_Au(211)                                             8    45    26             0.860024
Ru_Au(211)                                            10    45    22             0.562363
Ru_Au(211)                                            11    45     7             0.793595
Ru_Au(211)                                            11    45    11             0.837192
Ru_Au(211)                                            11    45    22             0.589971
Ru_Au(211)                                            11    45    26             0.845294
Ru_Au(211)                                            11    45    41             1.060672
Ru_Au(211)                                            14    45     7             0.836880
Ru_Au(211)                                            14    45    11             0.852274
Ru_Au(211)                                            14    45    22             0.730509
Ru_Au(211)                                            14    45    26             0.852274
Ru_Au(211)                                            14    45    37             0.836880
Ru_Au(211)                                            15    45    22             0.597380
Ru_Au(211)                                            17    45     7             0.742600
Ru_Au(211)                                            17    45    11             0.860024
Ru_Au(211)                                            17    45    22             0.538976
Cd_Au(211)                                             0    45    22             0.650861
Cd_Au(211)                                             2    45    22             0.653897
Cd_Au(211)                                             3    45     7             0.843491
Cd_Au(211)                                             3    45    11             0.869708
Cd_Au(211)                                             3    45    22             0.651239
Cd_Au(211)                                             4    45     7             0.846149
Cd_Au(211)                                             4    45    11             0.882974
Cd_Au(211)                                             4    45    22             0.731592
Cd_Au(211)                                             4    45    26             0.869708
Cd_Au(211)                                             6    45     7             0.918051
Cd_Au(211)                                             6    45    11             1.080782
Cd_Au(211)                                             6    45    22             0.653897
Cd_Au(211)                                             6    45    26             1.080782
Cd_Au(211)                                             6    45    37             0.918051
Cd_Au(211)                                            10    45    22             0.666750
Cd_Au(211)                                            11    45     7             0.843491
Cd_Au(211)                                            11    45    11             0.867893
Cd_Au(211)                                            11    45    22             0.651239
Cd_Au(211)                                            11    45    26             0.920613
Cd_Au(211)                                            11    45    41             1.045117
Cd_Au(211)                                            14    45     7             0.917075
Cd_Au(211)                                            14    45    11             0.867893
Cd_Au(211)                                            14    45    22             0.731592
Cd_Au(211)                                            14    45    26             0.867893
Cd_Au(211)                                            14    45    37             0.917075
Cd_Au(211)                                            15    45    22             0.677578
Cd_Au(211)                                            17    45     7             0.792496
Cd_Au(211)                                            17    45    11             0.910524
Cd_Au(211)                                            17    45    22             0.600244
In_Au(211)                                             0    45    22             0.546474
In_Au(211)                                             2    45    22             0.592630
In_Au(211)                                             3    45     7             0.801990
In_Au(211)                                             3    45    11             0.836131
In_Au(211)                                             3    45    22             0.589971
In_Au(211)                                             4    45     7             0.804648
In_Au(211)                                             4    45    11             0.834316
In_Au(211)                                             4    45    22             0.670324
In_Au(211)                                             4    45    26             0.836131
In_Au(211)                                             6    45     7             0.852333
In_Au(211)                                             6    45    11             0.831658
In_Au(211)                                             6    45    22             0.592630
In_Au(211)                                             6    45    26             0.831658
In_Au(211)                                             6    45    37             0.852333
In_Au(211)                                            10    45    22             0.562363
In_Au(211)                                            11    45     7             0.801990
In_Au(211)                                            11    45    11             0.834316
In_Au(211)                                            11    45    22             0.589971
In_Au(211)                                            11    45    26             0.843098
In_Au(211)                                            11    45    41             1.045117
In_Au(211)                                            14    45     7             0.870477
In_Au(211)                                            14    45    11             0.834316
In_Au(211)                                            14    45    22             0.670324
In_Au(211)                                            14    45    26             0.834316
In_Au(211)                                            14    45    37             0.870477
In_Au(211)                                            15    45    22             0.597380
In_Au(211)                                            17    45     7             0.750995
In_Au(211)                                            17    45    11             0.876948
In_Au(211)                                            17    45    22             0.538976
Sn_Au(211)                                             0    45    22             0.546474
Sn_Au(211)                                             2    45    22             0.592630
Sn_Au(211)                                             3    45     7             0.790719
Sn_Au(211)                                             3    45    11             0.830584
Sn_Au(211)                                             3    45    22             0.589971
Sn_Au(211)                                             4    45     7             0.793377
Sn_Au(211)                                             4    45    11             0.828768
Sn_Au(211)                                             4    45    22             0.670324
Sn_Au(211)                                             4    45    26             0.830584
Sn_Au(211)                                             6    45    22             0.592630
Sn_Au(211)                                            10    45    22             0.562363
Sn_Au(211)                                            11    45     7             0.790719
Sn_Au(211)                                            11    45    11             0.828768
Sn_Au(211)                                            11    45    22             0.589971
Sn_Au(211)                                            11    45    26             0.802195
Sn_Au(211)                                            11    45    41             1.045117
Sn_Au(211)                                            14    45     7             0.853803
Sn_Au(211)                                            14    45    11             0.828768
Sn_Au(211)                                            14    45    22             0.670324
Sn_Au(211)                                            14    45    26             0.828768
Sn_Au(211)                                            14    45    37             0.853803
Sn_Au(211)                                            15    45    22             0.597380
Sn_Au(211)                                            17    45     7             0.739724
Sn_Au(211)                                            17    45    11             0.851600
Sn_Au(211)                                            17    45    22             0.538976
Hf_Au(211)                                             0    45    22             0.546474
Hf_Au(211)                                             2    45     7             0.967134
Hf_Au(211)                                             2    45    11             0.825011
Hf_Au(211)                                             2    45    22             0.592630
Hf_Au(211)                                             2    45    37             0.890507
Hf_Au(211)                                             2    45    41             0.989132
Hf_Au(211)                                             3    45     7             0.835067
Hf_Au(211)                                             3    45    11             0.885577
Hf_Au(211)                                             3    45    22             0.589971
Hf_Au(211)                                             4    45     7             0.837725
Hf_Au(211)                                             4    45    11             0.878664
Hf_Au(211)                                             4    45    22             0.670324
Hf_Au(211)                                             4    45    26             0.885577
Hf_Au(211)                                             6    45     7             0.890507
Hf_Au(211)                                             6    45    11             0.876006
Hf_Au(211)                                             6    45    22             0.592630
Hf_Au(211)                                             6    45    26             0.876006
Hf_Au(211)                                             6    45    37             0.890507
Hf_Au(211)                                             8    45     7             0.903228
Hf_Au(211)                                             8    45    11             0.878664
Hf_Au(211)                                             8    45    22             0.592630
Hf_Au(211)                                             8    45    26             0.937218
Hf_Au(211)                                            10    45    22             0.562363
Hf_Au(211)                                            11    45     7             0.835067
Hf_Au(211)                                            11    45    11             0.878664
Hf_Au(211)                                            11    45    22             0.589971
Hf_Au(211)                                            11    45    26             0.919075
Hf_Au(211)                                            11    45    41             1.045117
Hf_Au(211)                                            14    45     7             0.908651
Hf_Au(211)                                            14    45    11             0.878664
Hf_Au(211)                                            14    45    22             0.670324
Hf_Au(211)                                            14    45    26             0.878664
Hf_Au(211)                                            14    45    37             0.908651
Hf_Au(211)                                            15    45    22             0.597380
Hf_Au(211)                                            17    45     7             0.784072
Hf_Au(211)                                            17    45    11             0.931795
Hf_Au(211)                                            17    45    22             0.538976
Ta_Au(211)                                             0    45    22             0.546474
Ta_Au(211)                                             2    45     7             0.967134
Ta_Au(211)                                             2    45    11             0.876006
Ta_Au(211)                                             2    45    22             0.592630
Ta_Au(211)                                             2    45    37             0.890507
Ta_Au(211)                                             2    45    41             0.989132
Ta_Au(211)                                             3    45     7             0.835067
Ta_Au(211)                                             3    45    11             0.885577
Ta_Au(211)                                             3    45    22             0.589971
Ta_Au(211)                                             4    45     7             0.837725
Ta_Au(211)                                             4    45    11             0.893745
Ta_Au(211)                                             4    45    22             0.730509
Ta_Au(211)                                             4    45    26             0.885577
Ta_Au(211)                                             6    45     7             0.890507
Ta_Au(211)                                             6    45    11             1.102385
Ta_Au(211)                                             6    45    22             0.592630
Ta_Au(211)                                             6    45    26             1.102385
Ta_Au(211)                                             6    45    37             0.890507
Ta_Au(211)                                             8    45     7             0.866504
Ta_Au(211)                                             8    45    11             0.878664
Ta_Au(211)                                             8    45    22             0.592630
Ta_Au(211)                                             8    45    26             0.931795
Ta_Au(211)                                            10    45    22             0.562363
Ta_Au(211)                                            11    45     7             0.835067
Ta_Au(211)                                            11    45    11             0.878664
Ta_Au(211)                                            11    45    22             0.589971
Ta_Au(211)                                            11    45    26             0.919075
Ta_Au(211)                                            11    45    41             1.045117
Ta_Au(211)                                            14    45     7             0.908651
Ta_Au(211)                                            14    45    11             0.878664
Ta_Au(211)                                            14    45    22             0.670324
Ta_Au(211)                                            14    45    26             0.878664
Ta_Au(211)                                            14    45    37             0.908651
Ta_Au(211)                                            15    45    22             0.597380
Ta_Au(211)                                            17    45     7             0.784072
Ta_Au(211)                                            17    45    11             0.931795
Ta_Au(211)                                            17    45    22             0.538976
W_Au(211)                                              0    45    22             0.546474
W_Au(211)                                              2    45     7             0.967134
W_Au(211)                                              2    45    11             0.831658
W_Au(211)                                              2    45    22             0.592630
W_Au(211)                                              2    45    37             0.890507
W_Au(211)                                              2    45    41             0.989132
W_Au(211)                                              3    45     7             0.835067
W_Au(211)                                              3    45    11             0.836131
W_Au(211)                                              3    45    22             0.589971
W_Au(211)                                              4    45     7             0.837725
W_Au(211)                                              4    45    11             0.849397
W_Au(211)                                              4    45    22             0.730509
W_Au(211)                                              4    45    26             0.810313
W_Au(211)                                              6    45     7             0.890507
W_Au(211)                                              6    45    11             1.058037
W_Au(211)                                              6    45    22             0.592630
W_Au(211)                                              6    45    26             1.058037
W_Au(211)                                              6    45    37             0.890507
W_Au(211)                                              8    45     7             0.866504
W_Au(211)                                              8    45    11             0.834316
W_Au(211)                                              8    45    22             0.592630
W_Au(211)                                              8    45    26             0.876948
W_Au(211)                                             10    45    22             0.562363
W_Au(211)                                             11    45     7             0.835067
W_Au(211)                                             11    45    11             0.834316
W_Au(211)                                             11    45    22             0.589971
W_Au(211)                                             11    45    26             0.843098
W_Au(211)                                             11    45    41             1.045117
W_Au(211)                                             14    45     7             0.908651
W_Au(211)                                             14    45    11             0.849397
W_Au(211)                                             14    45    22             0.670324
W_Au(211)                                             14    45    26             0.849397
W_Au(211)                                             14    45    37             0.908651
W_Au(211)                                             15    45    22             0.597380
W_Au(211)                                             17    45     7             0.784072
W_Au(211)                                             17    45    11             0.876948
W_Au(211)                                             17    45    22             0.538976
Re_Au(211)                                             0    45    22             0.546474
Re_Au(211)                                             2    45    22             0.592630
Re_Au(211)                                             3    45     7             0.790719
Re_Au(211)                                             3    45    11             0.830584
Re_Au(211)                                             3    45    22             0.589971
Re_Au(211)                                             4    45     7             0.793377
Re_Au(211)                                             4    45    11             0.775115
Re_Au(211)                                             4    45    22             0.730509
Re_Au(211)                                             4    45    26             0.804765
Re_Au(211)                                             6    45     7             0.814530
Re_Au(211)                                             6    45    11             1.052489
Re_Au(211)                                             6    45    22             0.592630
Re_Au(211)                                             6    45    26             1.052489
Re_Au(211)                                             6    45    37             0.814530
Re_Au(211)                                             8    45     7             0.817058
Re_Au(211)                                             8    45    11             0.828768
Re_Au(211)                                             8    45    22             0.592630
Re_Au(211)                                             8    45    26             0.851600
Re_Au(211)                                            10    45    22             0.562363
Re_Au(211)                                            11    45     7             0.790719
Re_Au(211)                                            11    45    11             0.828768
Re_Au(211)                                            11    45    22             0.589971
Re_Au(211)                                            11    45    26             0.802195
Re_Au(211)                                            11    45    41             1.045117
Re_Au(211)                                            14    45     7             0.853803
Re_Au(211)                                            14    45    11             0.843850
Re_Au(211)                                            14    45    22             0.670324
Re_Au(211)                                            14    45    26             0.843850
Re_Au(211)                                            14    45    37             0.853803
Re_Au(211)                                            15    45    22             0.597380
Re_Au(211)                                            17    45     7             0.739724
Re_Au(211)                                            17    45    11             0.852449
Re_Au(211)                                            17    45    22             0.538976
Os_Au(211)                                             0    45    22             0.546474
Os_Au(211)                                             2    45    22             0.592630
Os_Au(211)                                             3    45     7             0.793595
Os_Au(211)                                             3    45    11             0.839008
Os_Au(211)                                             3    45    22             0.589971
Os_Au(211)                                             4    45     7             0.796253
Os_Au(211)                                             4    45    11             0.783539
Os_Au(211)                                             4    45    22             0.730509
Os_Au(211)                                             4    45    26             0.813189
Os_Au(211)                                             6    45     7             0.801171
Os_Au(211)                                             6    45    11             1.060913
Os_Au(211)                                             6    45    22             0.592630
Os_Au(211)                                             6    45    26             1.060913
Os_Au(211)                                             6    45    37             0.801171
Os_Au(211)                                            10    45    22             0.562363
Os_Au(211)                                            11    45     7             0.793595
Os_Au(211)                                            11    45    11             0.837192
Os_Au(211)                                            11    45    22             0.589971
Os_Au(211)                                            11    45    26             0.829739
Os_Au(211)                                            11    45    41             1.045117
Os_Au(211)                                            14    45     7             0.836880
Os_Au(211)                                            14    45    11             0.852274
Os_Au(211)                                            14    45    22             0.730509
Os_Au(211)                                            14    45    26             0.852274
Os_Au(211)                                            14    45    37             0.836880
Os_Au(211)                                            15    45    22             0.597380
Os_Au(211)                                            17    45     7             0.742600
Os_Au(211)                                            17    45    11             0.860024
Os_Au(211)                                            17    45    22             0.538976
Hg_Au(211)                                             0    45    22             0.771544
Hg_Au(211)                                             2    45    22             0.785746
Hg_Au(211)                                             3    45     7             1.011785
Hg_Au(211)                                             3    45    11             1.032574
Hg_Au(211)                                             3    45    22             0.783087
Hg_Au(211)                                             4    45     7             1.014444
Hg_Au(211)                                             4    45    11             1.030758
Hg_Au(211)                                             4    45    22             0.854969
Hg_Au(211)                                             4    45    26             1.032574
Hg_Au(211)                                             6    45    22             0.785746
Hg_Au(211)                                            10    45    22             0.826372
Hg_Au(211)                                            11    45     7             1.011785
Hg_Au(211)                                            11    45    11             1.030758
Hg_Au(211)                                            11    45    22             0.783087
Hg_Au(211)                                            11    45    26             1.113497
Hg_Au(211)                                            11    45    41             1.045117
Hg_Au(211)                                            14    45     7             1.074870
Hg_Au(211)                                            14    45    11             1.030758
Hg_Au(211)                                            14    45    22             0.854969
Hg_Au(211)                                            14    45    26             1.030758
Hg_Au(211)                                            14    45    37             1.074870
Hg_Au(211)                                            15    45    22             0.809427
Hg_Au(211)                                            17    45     7             1.029525
Hg_Au(211)                                            17    45    11             1.053590
Hg_Au(211)                                            17    45    22             0.800827
Tl_Au(211)                                             0    45    22             0.546474
Tl_Au(211)                                             2    45    22             0.592630
Tl_Au(211)                                             3    45     7             0.790719
Tl_Au(211)                                             3    45    11             0.836131
Tl_Au(211)                                             3    45    22             0.589971
Tl_Au(211)                                             4    45     7             0.793377
Tl_Au(211)                                             4    45    11             0.834316
Tl_Au(211)                                             4    45    22             0.670324
Tl_Au(211)                                             4    45    26             0.836131
Tl_Au(211)                                             6    45     7             0.814530
Tl_Au(211)                                             6    45    11             0.831658
Tl_Au(211)                                             6    45    22             0.592630
Tl_Au(211)                                             6    45    26             0.831658
Tl_Au(211)                                             6    45    37             0.814530
Tl_Au(211)                                             8    45    22             0.592630
Tl_Au(211)                                            10    45    22             0.562363
Tl_Au(211)                                            11    45     7             0.790719
Tl_Au(211)                                            11    45    11             0.834316
Tl_Au(211)                                            11    45    22             0.589971
Tl_Au(211)                                            11    45    26             0.843098
Tl_Au(211)                                            11    45    41             1.045117
Tl_Au(211)                                            14    45     7             0.853803
Tl_Au(211)                                            14    45    11             0.834316
Tl_Au(211)                                            14    45    22             0.670324
Tl_Au(211)                                            14    45    26             0.834316
Tl_Au(211)                                            14    45    37             0.853803
Tl_Au(211)                                            15    45    22             0.597380
Tl_Au(211)                                            17    45     7             0.739724
Tl_Au(211)                                            17    45    11             0.876948
Tl_Au(211)                                            17    45    22             0.538976
Pb_Au(211)                                             0    45    22             0.546474
Pb_Au(211)                                             2    45    22             0.592630
Pb_Au(211)                                             3    45     7             0.739724
Pb_Au(211)                                             3    45    11             0.857997
Pb_Au(211)                                             3    45    22             0.538976
Pb_Au(211)                                             4    45     7             0.793377
Pb_Au(211)                                             4    45    11             0.834316
Pb_Au(211)                                             4    45    22             0.659493
Pb_Au(211)                                             4    45    26             0.836131
Pb_Au(211)                                             6    45     7             0.814530
Pb_Au(211)                                             6    45    11             0.831658
Pb_Au(211)                                             6    45    22             0.592630
Pb_Au(211)                                             6    45    26             0.831658
Pb_Au(211)                                             6    45    37             0.814530
Pb_Au(211)                                             8    45    22             0.592630
Pb_Au(211)                                            10    45    22             0.562363
Pb_Au(211)                                            11    45     7             0.790719
Pb_Au(211)                                            11    45    11             0.834316
Pb_Au(211)                                            11    45    22             0.589971
Pb_Au(211)                                            11    45    26             0.843098
Pb_Au(211)                                            11    45    41             1.045117
Pb_Au(211)                                            14    45     7             0.853803
Pb_Au(211)                                            14    45    11             0.834316
Pb_Au(211)                                            14    45    22             0.659493
Pb_Au(211)                                            14    45    26             0.834316
Pb_Au(211)                                            14    45    37             0.853803
Pb_Au(211)                                            15    45    22             0.597380
Pb_Au(211)                                            17    45     7             0.739724
Pb_Au(211)                                            17    45    11             0.876948
Pb_Au(211)                                            17    45    22             0.538976
Sc_Ag(211)                                             0    45     7             0.821489
Sc_Ag(211)                                             0    45    11             0.557343
Sc_Ag(211)                                             0    45    22             0.587833
Sc_Ag(211)                                             0    45    37             0.723548
Sc_Ag(211)                                             0    45    41             0.635612
Sc_Ag(211)                                             1    45    22             0.590382
Sc_Ag(211)                                             2    45    22             0.565854
Sc_Ag(211)                                             3    45    22             0.624543
Sc_Ag(211)                                             5    45     7             0.655677
Sc_Ag(211)                                             5    45    11             0.638934
Sc_Ag(211)                                             5    45    22             0.591106
Sc_Ag(211)                                             6    45     7             0.672561
Sc_Ag(211)                                             6    45    11             0.588178
Sc_Ag(211)                                             6    45    22             0.587833
Sc_Ag(211)                                             6    45    26             0.616584
Sc_Ag(211)                                             7    45     7             0.635517
Sc_Ag(211)                                             7    45    11             0.557343
Sc_Ag(211)                                             7    45    22             0.765389
Sc_Ag(211)                                             7    45    26             0.564175
Sc_Ag(211)                                             7    45    37             0.723548
Sc_Ag(211)                                             8    45     7             0.697090
Sc_Ag(211)                                             8    45    11             0.689378
Sc_Ag(211)                                             8    45    22             0.587833
Sc_Ag(211)                                             8    45    26             0.689378
Sc_Ag(211)                                             8    45    37             0.697090
Sc_Ag(211)                                            10    45    22             0.569586
Sc_Ag(211)                                            12    45     7             0.667485
Sc_Ag(211)                                            12    45    11             0.616584
Sc_Ag(211)                                            12    45    22             0.602915
Sc_Ag(211)                                            13    45     7             0.655677
Sc_Ag(211)                                            13    45    11             0.605065
Sc_Ag(211)                                            13    45    22             0.591106
Sc_Ag(211)                                            13    45    26             0.637380
Sc_Ag(211)                                            13    45    41             0.821041
Sc_Ag(211)                                            14    45     7             0.676294
Sc_Ag(211)                                            14    45    11             0.605065
Sc_Ag(211)                                            14    45    22             0.666026
Sc_Ag(211)                                            14    45    26             0.605065
Sc_Ag(211)                                            14    45    37             0.676294
Sc_Ag(211)                                            15    45    22             0.543988
Ti_Ag(211)                                             0    45     7             0.821489
Ti_Ag(211)                                             0    45    11             0.608338
Ti_Ag(211)                                             0    45    22             0.587833
Ti_Ag(211)                                             0    45    37             0.723548
Ti_Ag(211)                                             0    45    41             0.659615
Ti_Ag(211)                                             1    45    22             0.590382
Ti_Ag(211)                                             2    45    22             0.565854
Ti_Ag(211)                                             3    45    22             0.624543
Ti_Ag(211)                                             5    45     7             0.655677
Ti_Ag(211)                                             5    45    11             0.603357
Ti_Ag(211)                                             5    45    22             0.591106
Ti_Ag(211)                                             6    45     7             0.672561
Ti_Ag(211)                                             6    45    11             0.588178
Ti_Ag(211)                                             6    45    22             0.587833
Ti_Ag(211)                                             6    45    26             0.638934
Ti_Ag(211)                                             7    45     7             0.635517
Ti_Ag(211)                                             7    45    11             0.608338
Ti_Ag(211)                                             7    45    22             0.765389
Ti_Ag(211)                                             7    45    26             0.588178
Ti_Ag(211)                                             7    45    37             0.723548
Ti_Ag(211)                                             8    45     7             0.697090
Ti_Ag(211)                                             8    45    11             0.829285
Ti_Ag(211)                                             8    45    22             0.587833
Ti_Ag(211)                                             8    45    26             0.829285
Ti_Ag(211)                                             8    45    37             0.697090
Ti_Ag(211)                                            10    45    22             0.569586
Ti_Ag(211)                                            12    45     7             0.667485
Ti_Ag(211)                                            12    45    11             0.638934
Ti_Ag(211)                                            12    45    22             0.540111
Ti_Ag(211)                                            13    45     7             0.655677
Ti_Ag(211)                                            13    45    11             0.605065
Ti_Ag(211)                                            13    45    22             0.591106
Ti_Ag(211)                                            13    45    26             0.637380
Ti_Ag(211)                                            13    45    41             0.821041
Ti_Ag(211)                                            14    45     7             0.676294
Ti_Ag(211)                                            14    45    11             0.605065
Ti_Ag(211)                                            14    45    22             0.765389
Ti_Ag(211)                                            14    45    26             0.605065
Ti_Ag(211)                                            14    45    37             0.676294
Ti_Ag(211)                                            15    45    22             0.543988
V_Ag(211)                                              0    45     7             0.821489
V_Ag(211)                                              0    45    11             0.608338
V_Ag(211)                                              0    45    22             0.587833
V_Ag(211)                                              0    45    37             0.723548
V_Ag(211)                                              0    45    41             0.659615
V_Ag(211)                                              1    45    22             0.590382
V_Ag(211)                                              2    45    22             0.565854
V_Ag(211)                                              3    45    22             0.624543
V_Ag(211)                                              5    45     7             0.709949
V_Ag(211)                                              5    45    11             0.603357
V_Ag(211)                                              5    45    22             0.653849
V_Ag(211)                                              6    45     7             0.672561
V_Ag(211)                                              6    45    11             0.588178
V_Ag(211)                                              6    45    22             0.587833
V_Ag(211)                                              6    45    26             0.638934
V_Ag(211)                                              7    45     7             0.635517
V_Ag(211)                                              7    45    11             0.608338
V_Ag(211)                                              7    45    22             0.765389
V_Ag(211)                                              7    45    26             0.588178
V_Ag(211)                                              7    45    37             0.723548
V_Ag(211)                                              8    45     7             0.697090
V_Ag(211)                                              8    45    11             0.893712
V_Ag(211)                                              8    45    22             0.587833
V_Ag(211)                                              8    45    26             0.893712
V_Ag(211)                                              8    45    37             0.697090
V_Ag(211)                                             10    45    22             0.569586
V_Ag(211)                                             12    45     7             0.604682
V_Ag(211)                                             12    45    11             0.638934
V_Ag(211)                                             12    45    22             0.540111
V_Ag(211)                                             13    45     7             0.643930
V_Ag(211)                                             13    45    11             0.605065
V_Ag(211)                                             13    45    22             0.579359
V_Ag(211)                                             13    45    26             0.637380
V_Ag(211)                                             13    45    41             0.821041
V_Ag(211)                                             14    45     7             0.698645
V_Ag(211)                                             14    45    11             0.620146
V_Ag(211)                                             14    45    22             0.765389
V_Ag(211)                                             14    45    26             0.620146
V_Ag(211)                                             14    45    37             0.698645
V_Ag(211)                                             15    45    22             0.543988
Cr_Ag(211)                                             0    45    22             0.561103
Cr_Ag(211)                                             1    45    22             0.590382
Cr_Ag(211)                                             2    45    22             0.565854
Cr_Ag(211)                                             3    45    22             0.624543
Cr_Ag(211)                                             5    45     7             0.722126
Cr_Ag(211)                                             5    45    11             0.611781
Cr_Ag(211)                                             5    45    22             0.666026
Cr_Ag(211)                                             7    45     7             0.652404
Cr_Ag(211)                                             7    45    11             0.616761
Cr_Ag(211)                                             7    45    22             0.765389
Cr_Ag(211)                                             7    45    26             0.596601
Cr_Ag(211)                                             7    45    37             0.723548
Cr_Ag(211)                                             8    45     7             0.697090
Cr_Ag(211)                                             8    45    11             0.902136
Cr_Ag(211)                                             8    45    22             0.587833
Cr_Ag(211)                                             8    45    26             0.902136
Cr_Ag(211)                                             8    45    37             0.697090
Cr_Ag(211)                                            10    45    22             0.569586
Cr_Ag(211)                                            12    45     7             0.604682
Cr_Ag(211)                                            12    45    11             0.647358
Cr_Ag(211)                                            12    45    22             0.540111
Cr_Ag(211)                                            13    45     7             0.716727
Cr_Ag(211)                                            13    45    11             0.613489
Cr_Ag(211)                                            13    45    22             0.660627
Cr_Ag(211)                                            13    45    26             0.664924
Cr_Ag(211)                                            13    45    41             0.821041
Cr_Ag(211)                                            14    45     7             0.698645
Cr_Ag(211)                                            14    45    11             0.628570
Cr_Ag(211)                                            14    45    22             0.765389
Cr_Ag(211)                                            14    45    26             0.628570
Cr_Ag(211)                                            14    45    37             0.698645
Cr_Ag(211)                                            15    45    22             0.543988
Mn_Ag(211)                                             0    45    22             0.561103
Mn_Ag(211)                                             1    45    22             0.590382
Mn_Ag(211)                                             2    45    22             0.565854
Mn_Ag(211)                                             3    45    22             0.624543
Mn_Ag(211)                                             5    45     7             0.722126
Mn_Ag(211)                                             5    45    11             0.611781
Mn_Ag(211)                                             5    45    22             0.666026
Mn_Ag(211)                                             7    45     7             0.652404
Mn_Ag(211)                                             7    45    11             0.616761
Mn_Ag(211)                                             7    45    22             0.765389
Mn_Ag(211)                                             7    45    26             0.596601
Mn_Ag(211)                                             7    45    37             0.723548
Mn_Ag(211)                                             8    45     7             0.697090
Mn_Ag(211)                                             8    45    11             0.902136
Mn_Ag(211)                                             8    45    22             0.587833
Mn_Ag(211)                                             8    45    26             0.902136
Mn_Ag(211)                                             8    45    37             0.697090
Mn_Ag(211)                                            10    45    22             0.569586
Mn_Ag(211)                                            12    45     7             0.604682
Mn_Ag(211)                                            12    45    11             0.647358
Mn_Ag(211)                                            12    45    22             0.540111
Mn_Ag(211)                                            13    45     7             0.716727
Mn_Ag(211)                                            13    45    11             0.613489
Mn_Ag(211)                                            13    45    22             0.660627
Mn_Ag(211)                                            13    45    26             0.664924
Mn_Ag(211)                                            13    45    41             0.821041
Mn_Ag(211)                                            14    45     7             0.698645
Mn_Ag(211)                                            14    45    11             0.628570
Mn_Ag(211)                                            14    45    22             0.765389
Mn_Ag(211)                                            14    45    26             0.628570
Mn_Ag(211)                                            14    45    37             0.698645
Mn_Ag(211)                                            15    45    22             0.543988
Fe_Ag(211)                                             0    45    22             0.578868
Fe_Ag(211)                                             1    45    22             0.608147
Fe_Ag(211)                                             2    45    22             0.583618
Fe_Ag(211)                                             3    45    22             0.642308
Fe_Ag(211)                                             5    45     7             0.739263
Fe_Ag(211)                                             5    45    11             0.620494
Fe_Ag(211)                                             5    45    22             0.683791
Fe_Ag(211)                                             7    45     7             0.669541
Fe_Ag(211)                                             7    45    11             0.625474
Fe_Ag(211)                                             7    45    22             0.783154
Fe_Ag(211)                                             7    45    26             0.605315
Fe_Ag(211)                                             7    45    37             0.759805
Fe_Ag(211)                                             8    45    22             0.605598
Fe_Ag(211)                                            10    45    22             0.587351
Fe_Ag(211)                                            12    45     7             0.621819
Fe_Ag(211)                                            12    45    11             0.656071
Fe_Ag(211)                                            12    45    22             0.557876
Fe_Ag(211)                                            13    45     7             0.733864
Fe_Ag(211)                                            13    45    11             0.622202
Fe_Ag(211)                                            13    45    22             0.678392
Fe_Ag(211)                                            13    45    26             0.673637
Fe_Ag(211)                                            13    45    41             0.821041
Fe_Ag(211)                                            14    45     7             0.715782
Fe_Ag(211)                                            14    45    11             0.574479
Fe_Ag(211)                                            14    45    22             0.783154
Fe_Ag(211)                                            14    45    26             0.574479
Fe_Ag(211)                                            14    45    37             0.715782
Fe_Ag(211)                                            15    45    22             0.561752
Co_Ag(211)                                             0    45    22             0.578868
Co_Ag(211)                                             1    45    22             0.608147
Co_Ag(211)                                             2    45    22             0.583618
Co_Ag(211)                                             3    45    22             0.642308
Co_Ag(211)                                             5    45     7             0.733989
Co_Ag(211)                                             5    45    11             0.700916
Co_Ag(211)                                             5    45    22             0.683791
Co_Ag(211)                                             7    45     7             0.664267
Co_Ag(211)                                             7    45    11             0.712569
Co_Ag(211)                                             7    45    22             0.783154
Co_Ag(211)                                             7    45    26             0.692409
Co_Ag(211)                                             7    45    37             0.772677
Co_Ag(211)                                             8    45    22             0.605598
Co_Ag(211)                                            10    45    22             0.587351
Co_Ag(211)                                            12    45     7             0.616544
Co_Ag(211)                                            12    45    11             0.736493
Co_Ag(211)                                            12    45    22             0.557876
Co_Ag(211)                                            13    45     7             0.733989
Co_Ag(211)                                            13    45    11             0.709297
Co_Ag(211)                                            13    45    22             0.683791
Co_Ag(211)                                            13    45    26             0.844251
Co_Ag(211)                                            13    45    41             0.821041
Co_Ag(211)                                            14    45     7             0.703835
Co_Ag(211)                                            14    45    11             0.661574
Co_Ag(211)                                            14    45    22             0.783154
Co_Ag(211)                                            14    45    26             0.661574
Co_Ag(211)                                            14    45    37             0.703835
Co_Ag(211)                                            15    45    22             0.561752
Zn_Ag(211)                                             0    45    22             0.575052
Zn_Ag(211)                                             1    45    22             0.623262
Zn_Ag(211)                                             2    45    22             0.598734
Zn_Ag(211)                                             3    45    22             0.657423
Zn_Ag(211)                                             5    45     7             0.845710
Zn_Ag(211)                                             5    45    11             0.713263
Zn_Ag(211)                                             5    45    22             0.674577
Zn_Ag(211)                                             7    45     7             0.781387
Zn_Ag(211)                                             7    45    11             0.718244
Zn_Ag(211)                                             7    45    22             0.779339
Zn_Ag(211)                                             7    45    26             0.698084
Zn_Ag(211)                                             7    45    37             0.961843
Zn_Ag(211)                                             8    45    22             0.601783
Zn_Ag(211)                                            10    45    22             0.602466
Zn_Ag(211)                                            12    45     7             0.733665
Zn_Ag(211)                                            12    45    11             0.748841
Zn_Ag(211)                                            12    45    22             0.554060
Zn_Ag(211)                                            13    45     7             0.838932
Zn_Ag(211)                                            13    45    11             0.714971
Zn_Ag(211)                                            13    45    22             0.667798
Zn_Ag(211)                                            13    45    26             0.856599
Zn_Ag(211)                                            13    45    41             0.821041
Zn_Ag(211)                                            14    45     7             0.827628
Zn_Ag(211)                                            14    45    11             0.730053
Zn_Ag(211)                                            14    45    22             0.779339
Zn_Ag(211)                                            14    45    26             0.730053
Zn_Ag(211)                                            14    45    37             0.827628
Zn_Ag(211)                                            15    45    22             0.576868
Ga_Ag(211)                                             0    45    22             0.561103
Ga_Ag(211)                                             1    45    22             0.590382
Ga_Ag(211)                                             2    45    22             0.565854
Ga_Ag(211)                                             3    45    22             0.624543
Ga_Ag(211)                                             5    45     7             0.664390
Ga_Ag(211)                                             5    45    11             0.612070
Ga_Ag(211)                                             5    45    22             0.591106
Ga_Ag(211)                                             7    45     7             0.644230
Ga_Ag(211)                                             7    45    11             0.617051
Ga_Ag(211)                                             7    45    22             0.765389
Ga_Ag(211)                                             7    45    26             0.596891
Ga_Ag(211)                                             7    45    37             0.732261
Ga_Ag(211)                                             8    45    22             0.587833
Ga_Ag(211)                                            10    45    22             0.569586
Ga_Ag(211)                                            12    45     7             0.613395
Ga_Ag(211)                                            12    45    11             0.647647
Ga_Ag(211)                                            12    45    22             0.540111
Ga_Ag(211)                                            13    45     7             0.664390
Ga_Ag(211)                                            13    45    11             0.613778
Ga_Ag(211)                                            13    45    22             0.591106
Ga_Ag(211)                                            13    45    26             0.646093
Ga_Ag(211)                                            13    45    41             0.821041
Ga_Ag(211)                                            14    45     7             0.707358
Ga_Ag(211)                                            14    45    11             0.628859
Ga_Ag(211)                                            14    45    22             0.765389
Ga_Ag(211)                                            14    45    26             0.628859
Ga_Ag(211)                                            14    45    37             0.707358
Ga_Ag(211)                                            15    45    22             0.543988
Ge_Ag(211)                                             0    45    22             0.561103
Ge_Ag(211)                                             1    45    22             0.590382
Ge_Ag(211)                                             2    45    22             0.565854
Ge_Ag(211)                                             3    45    22             0.624543
Ge_Ag(211)                                             5    45     7             0.675728
Ge_Ag(211)                                             5    45    11             0.612432
Ge_Ag(211)                                             5    45    22             0.591106
Ge_Ag(211)                                             7    45     7             0.657956
Ge_Ag(211)                                             7    45    11             0.628389
Ge_Ag(211)                                             7    45    22             0.765389
Ge_Ag(211)                                             7    45    26             0.610617
Ge_Ag(211)                                             7    45    37             0.745501
Ge_Ag(211)                                             8    45    22             0.587833
Ge_Ag(211)                                            10    45    22             0.569586
Ge_Ag(211)                                            12    45     7             0.624733
Ge_Ag(211)                                            12    45    11             0.660887
Ge_Ag(211)                                            12    45    22             0.540111
Ge_Ag(211)                                            13    45     7             0.675728
Ge_Ag(211)                                            13    45    11             0.627504
Ge_Ag(211)                                            13    45    22             0.591106
Ge_Ag(211)                                            13    45    26             0.659333
Ge_Ag(211)                                            13    45    41             0.821041
Ge_Ag(211)                                            14    45     7             0.720597
Ge_Ag(211)                                            14    45    11             0.642585
Ge_Ag(211)                                            14    45    22             0.765389
Ge_Ag(211)                                            14    45    26             0.642585
Ge_Ag(211)                                            14    45    37             0.720597
Ge_Ag(211)                                            15    45    22             0.543988
Y_Ag(211)                                              0    45     7             0.821489
Y_Ag(211)                                              0    45    11             0.605065
Y_Ag(211)                                              0    45    22             0.561103
Y_Ag(211)                                              0    45    41             0.661430
Y_Ag(211)                                              1    45    22             0.590382
Y_Ag(211)                                              2    45    22             0.565854
Y_Ag(211)                                              3    45    22             0.624543
Y_Ag(211)                                              5    45     7             0.667485
Y_Ag(211)                                              5    45    11             0.616584
Y_Ag(211)                                              5    45    22             0.602915
Y_Ag(211)                                              6    45     7             0.698645
Y_Ag(211)                                              6    45    11             0.588178
Y_Ag(211)                                              6    45    22             0.587833
Y_Ag(211)                                              6    45    26             0.616584
Y_Ag(211)                                              7    45     7             0.635517
Y_Ag(211)                                              7    45    11             0.605065
Y_Ag(211)                                              7    45    22             0.765389
Y_Ag(211)                                              7    45    26             0.603357
Y_Ag(211)                                              8    45     7             0.697090
Y_Ag(211)                                              8    45    11             0.608338
Y_Ag(211)                                              8    45    22             0.587833
Y_Ag(211)                                              8    45    26             0.608338
Y_Ag(211)                                              8    45    37             0.697090
Y_Ag(211)                                             10    45    22             0.569586
Y_Ag(211)                                             12    45     7             0.652404
Y_Ag(211)                                             12    45    11             0.616584
Y_Ag(211)                                             12    45    22             0.587833
Y_Ag(211)                                             13    45     7             0.604682
Y_Ag(211)                                             13    45    11             0.588178
Y_Ag(211)                                             13    45    22             0.540111
Y_Ag(211)                                             13    45    26             0.769859
Y_Ag(211)                                             13    45    41             0.953521
Y_Ag(211)                                             14    45     7             0.676294
Y_Ag(211)                                             14    45    11             0.605065
Y_Ag(211)                                             14    45    22             0.653849
Y_Ag(211)                                             14    45    26             0.605065
Y_Ag(211)                                             14    45    37             0.676294
Y_Ag(211)                                             15    45    22             0.543988
Zr_Ag(211)                                             0    45     7             0.821489
Zr_Ag(211)                                             0    45    11             0.557343
Zr_Ag(211)                                             0    45    22             0.587833
Zr_Ag(211)                                             0    45    37             0.723548
Zr_Ag(211)                                             0    45    41             0.635612
Zr_Ag(211)                                             1    45    22             0.590382
Zr_Ag(211)                                             2    45    22             0.565854
Zr_Ag(211)                                             3    45    22             0.624543
Zr_Ag(211)                                             5    45     7             0.655677
Zr_Ag(211)                                             5    45    11             0.638934
Zr_Ag(211)                                             5    45    22             0.591106
Zr_Ag(211)                                             6    45     7             0.672561
Zr_Ag(211)                                             6    45    11             0.588178
Zr_Ag(211)                                             6    45    22             0.587833
Zr_Ag(211)                                             6    45    26             0.616584
Zr_Ag(211)                                             7    45     7             0.635517
Zr_Ag(211)                                             7    45    11             0.557343
Zr_Ag(211)                                             7    45    22             0.765389
Zr_Ag(211)                                             7    45    26             0.564175
Zr_Ag(211)                                             7    45    37             0.723548
Zr_Ag(211)                                             8    45     7             0.697090
Zr_Ag(211)                                             8    45    11             0.608338
Zr_Ag(211)                                             8    45    22             0.587833
Zr_Ag(211)                                             8    45    26             0.608338
Zr_Ag(211)                                             8    45    37             0.697090
Zr_Ag(211)                                            10    45    22             0.569586
Zr_Ag(211)                                            12    45     7             0.667485
Zr_Ag(211)                                            12    45    11             0.616584
Zr_Ag(211)                                            12    45    22             0.602915
Zr_Ag(211)                                            13    45     7             0.655677
Zr_Ag(211)                                            13    45    11             0.605065
Zr_Ag(211)                                            13    45    22             0.591106
Zr_Ag(211)                                            13    45    26             0.637380
Zr_Ag(211)                                            13    45    41             0.821041
Zr_Ag(211)                                            14    45     7             0.676294
Zr_Ag(211)                                            14    45    11             0.605065
Zr_Ag(211)                                            14    45    22             0.666026
Zr_Ag(211)                                            14    45    26             0.605065
Zr_Ag(211)                                            14    45    37             0.676294
Zr_Ag(211)                                            15    45    22             0.543988
Nb_Ag(211)                                             0    45     7             0.821489
Nb_Ag(211)                                             0    45    11             0.608338
Nb_Ag(211)                                             0    45    22             0.587833
Nb_Ag(211)                                             0    45    37             0.723548
Nb_Ag(211)                                             0    45    41             0.659615
Nb_Ag(211)                                             1    45    22             0.590382
Nb_Ag(211)                                             2    45    22             0.565854
Nb_Ag(211)                                             3    45    22             0.624543
Nb_Ag(211)                                             5    45     7             0.655677
Nb_Ag(211)                                             5    45    11             0.603357
Nb_Ag(211)                                             5    45    22             0.591106
Nb_Ag(211)                                             6    45     7             0.672561
Nb_Ag(211)                                             6    45    11             0.588178
Nb_Ag(211)                                             6    45    22             0.587833
Nb_Ag(211)                                             6    45    26             0.638934
Nb_Ag(211)                                             7    45     7             0.635517
Nb_Ag(211)                                             7    45    11             0.608338
Nb_Ag(211)                                             7    45    22             0.765389
Nb_Ag(211)                                             7    45    26             0.588178
Nb_Ag(211)                                             7    45    37             0.723548
Nb_Ag(211)                                             8    45     7             0.697090
Nb_Ag(211)                                             8    45    11             0.829285
Nb_Ag(211)                                             8    45    22             0.587833
Nb_Ag(211)                                             8    45    26             0.829285
Nb_Ag(211)                                             8    45    37             0.697090
Nb_Ag(211)                                            10    45    22             0.569586
Nb_Ag(211)                                            12    45     7             0.667485
Nb_Ag(211)                                            12    45    11             0.638934
Nb_Ag(211)                                            12    45    22             0.602915
Nb_Ag(211)                                            13    45     7             0.655677
Nb_Ag(211)                                            13    45    11             0.605065
Nb_Ag(211)                                            13    45    22             0.591106
Nb_Ag(211)                                            13    45    26             0.637380
Nb_Ag(211)                                            13    45    41             0.821041
Nb_Ag(211)                                            14    45     7             0.676294
Nb_Ag(211)                                            14    45    11             0.605065
Nb_Ag(211)                                            14    45    22             0.765389
Nb_Ag(211)                                            14    45    26             0.605065
Nb_Ag(211)                                            14    45    37             0.676294
Nb_Ag(211)                                            15    45    22             0.543988
Mo_Ag(211)                                             0    45     7             0.813431
Mo_Ag(211)                                             0    45    11             0.639457
Mo_Ag(211)                                             0    45    22             0.587833
Mo_Ag(211)                                             0    45    37             0.762811
Mo_Ag(211)                                             0    45    41             0.659615
Mo_Ag(211)                                             1    45    22             0.590382
Mo_Ag(211)                                             2    45    22             0.565854
Mo_Ag(211)                                             3    45    22             0.624543
Mo_Ag(211)                                             5    45     7             0.686796
Mo_Ag(211)                                             5    45    11             0.623500
Mo_Ag(211)                                             5    45    22             0.591106
Mo_Ag(211)                                             6    45     7             0.692705
Mo_Ag(211)                                             6    45    11             0.621685
Mo_Ag(211)                                             6    45    22             0.587833
Mo_Ag(211)                                             6    45    26             0.659078
Mo_Ag(211)                                             7    45     7             0.669024
Mo_Ag(211)                                             7    45    11             0.639457
Mo_Ag(211)                                             7    45    22             0.765389
Mo_Ag(211)                                             7    45    26             0.621685
Mo_Ag(211)                                             7    45    37             0.762811
Mo_Ag(211)                                             8    45     7             0.736354
Mo_Ag(211)                                             8    45    11             0.860404
Mo_Ag(211)                                             8    45    22             0.587833
Mo_Ag(211)                                             8    45    26             0.860404
Mo_Ag(211)                                             8    45    37             0.736354
Mo_Ag(211)                                            10    45    22             0.569586
Mo_Ag(211)                                            12    45     7             0.635801
Mo_Ag(211)                                            12    45    11             0.659078
Mo_Ag(211)                                            12    45    22             0.540111
Mo_Ag(211)                                            13    45     7             0.686796
Mo_Ag(211)                                            13    45    11             0.638572
Mo_Ag(211)                                            13    45    22             0.591106
Mo_Ag(211)                                            13    45    26             0.676643
Mo_Ag(211)                                            13    45    41             0.821041
Mo_Ag(211)                                            14    45     7             0.718788
Mo_Ag(211)                                            14    45    11             0.653653
Mo_Ag(211)                                            14    45    22             0.765389
Mo_Ag(211)                                            14    45    26             0.653653
Mo_Ag(211)                                            14    45    37             0.718788
Mo_Ag(211)                                            15    45    22             0.543988
Tc_Ag(211)                                             0    45    22             0.605598
Tc_Ag(211)                                             1    45    22             0.608147
Tc_Ag(211)                                             2    45    22             0.583618
Tc_Ag(211)                                             3    45    22             0.642308
Tc_Ag(211)                                             5    45     7             0.686796
Tc_Ag(211)                                             5    45    11             0.623500
Tc_Ag(211)                                             5    45    22             0.608871
Tc_Ag(211)                                             6    45     7             0.692705
Tc_Ag(211)                                             6    45    11             0.638572
Tc_Ag(211)                                             6    45    22             0.605598
Tc_Ag(211)                                             6    45    26             0.659078
Tc_Ag(211)                                             7    45     7             0.669024
Tc_Ag(211)                                             7    45    11             0.639457
Tc_Ag(211)                                             7    45    22             0.783154
Tc_Ag(211)                                             7    45    26             0.621685
Tc_Ag(211)                                             7    45    37             0.762811
Tc_Ag(211)                                             8    45     7             0.736354
Tc_Ag(211)                                             8    45    11             0.860404
Tc_Ag(211)                                             8    45    22             0.605598
Tc_Ag(211)                                             8    45    26             0.860404
Tc_Ag(211)                                             8    45    37             0.736354
Tc_Ag(211)                                            10    45    22             0.587351
Tc_Ag(211)                                            12    45     7             0.635801
Tc_Ag(211)                                            12    45    11             0.659078
Tc_Ag(211)                                            12    45    22             0.557876
Tc_Ag(211)                                            13    45     7             0.686796
Tc_Ag(211)                                            13    45    11             0.638572
Tc_Ag(211)                                            13    45    22             0.608871
Tc_Ag(211)                                            13    45    26             0.676643
Tc_Ag(211)                                            13    45    41             0.821041
Tc_Ag(211)                                            14    45     7             0.718788
Tc_Ag(211)                                            14    45    11             0.653653
Tc_Ag(211)                                            14    45    22             0.783154
Tc_Ag(211)                                            14    45    26             0.653653
Tc_Ag(211)                                            14    45    37             0.718788
Tc_Ag(211)                                            15    45    22             0.561752
Ru_Ag(211)                                             0    45    22             0.605598
Ru_Ag(211)                                             1    45    22             0.608147
Ru_Ag(211)                                             2    45    22             0.583618
Ru_Ag(211)                                             3    45    22             0.642308
Ru_Ag(211)                                             5    45     7             0.842471
Ru_Ag(211)                                             5    45    11             0.760098
Ru_Ag(211)                                             5    45    22             0.608871
Ru_Ag(211)                                             6    45     7             0.848380
Ru_Ag(211)                                             6    45    11             0.758283
Ru_Ag(211)                                             6    45    22             0.605598
Ru_Ag(211)                                             6    45    26             0.795676
Ru_Ag(211)                                             7    45     7             0.824699
Ru_Ag(211)                                             7    45    11             0.776055
Ru_Ag(211)                                             7    45    22             0.783154
Ru_Ag(211)                                             7    45    26             0.758283
Ru_Ag(211)                                             7    45    37             1.008678
Ru_Ag(211)                                             8    45     7             0.982221
Ru_Ag(211)                                             8    45    11             1.022252
Ru_Ag(211)                                             8    45    22             0.605598
Ru_Ag(211)                                             8    45    26             1.022252
Ru_Ag(211)                                             8    45    37             0.982221
Ru_Ag(211)                                            10    45    22             0.587351
Ru_Ag(211)                                            12    45     7             0.791476
Ru_Ag(211)                                            12    45    11             0.795676
Ru_Ag(211)                                            12    45    22             0.557876
Ru_Ag(211)                                            13    45     7             0.842471
Ru_Ag(211)                                            13    45    11             0.775170
Ru_Ag(211)                                            13    45    22             0.608871
Ru_Ag(211)                                            13    45    26             0.903434
Ru_Ag(211)                                            13    45    41             0.821041
Ru_Ag(211)                                            14    45     7             0.874463
Ru_Ag(211)                                            14    45    11             0.790252
Ru_Ag(211)                                            14    45    22             0.783154
Ru_Ag(211)                                            14    45    26             0.790252
Ru_Ag(211)                                            14    45    37             0.874463
Ru_Ag(211)                                            15    45    22             0.561752
Cd_Ag(211)                                             0    45    22             0.671049
Cd_Ag(211)                                             1    45    22             0.711649
Cd_Ag(211)                                             2    45    22             0.668000
Cd_Ag(211)                                             3    45    22             0.745810
Cd_Ag(211)                                             5    45     7             0.784660
Cd_Ag(211)                                             5    45    11             0.740841
Cd_Ag(211)                                             5    45    22             0.674321
Cd_Ag(211)                                             6    45    22             0.671049
Cd_Ag(211)                                             7    45     7             0.764500
Cd_Ag(211)                                             7    45    11             0.723957
Cd_Ag(211)                                             7    45    22             0.848605
Cd_Ag(211)                                             7    45    26             0.703797
Cd_Ag(211)                                             7    45    37             0.961843
Cd_Ag(211)                                             8    45     7             0.935386
Cd_Ag(211)                                             8    45    11             0.941430
Cd_Ag(211)                                             8    45    22             0.671049
Cd_Ag(211)                                             8    45    26             0.941430
Cd_Ag(211)                                             8    45    37             0.935386
Cd_Ag(211)                                            10    45    22             0.671733
Cd_Ag(211)                                            12    45     7             0.796469
Cd_Ag(211)                                            12    45    11             0.754553
Cd_Ag(211)                                            12    45    22             0.686130
Cd_Ag(211)                                            13    45     7             0.784660
Cd_Ag(211)                                            13    45    11             0.720684
Cd_Ag(211)                                            13    45    22             0.674321
Cd_Ag(211)                                            13    45    26             0.878587
Cd_Ag(211)                                            13    45    41             0.821041
Cd_Ag(211)                                            14    45     7             0.805277
Cd_Ag(211)                                            14    45    11             0.720684
Cd_Ag(211)                                            14    45    22             0.749242
Cd_Ag(211)                                            14    45    26             0.720684
Cd_Ag(211)                                            14    45    37             0.805277
Cd_Ag(211)                                            15    45    22             0.646134
In_Ag(211)                                             0    45    22             0.561103
In_Ag(211)                                             1    45    22             0.590382
In_Ag(211)                                             2    45    22             0.565854
In_Ag(211)                                             3    45    22             0.624543
In_Ag(211)                                             5    45     7             0.650072
In_Ag(211)                                             5    45    11             0.647647
In_Ag(211)                                             5    45    22             0.591106
In_Ag(211)                                             7    45     7             0.629912
In_Ag(211)                                             7    45    11             0.566056
In_Ag(211)                                             7    45    22             0.765389
In_Ag(211)                                             7    45    26             0.596891
In_Ag(211)                                             7    45    37             0.717943
In_Ag(211)                                             8    45     7             0.691486
In_Ag(211)                                             8    45    11             0.832599
In_Ag(211)                                             8    45    22             0.587833
In_Ag(211)                                             8    45    26             0.832599
In_Ag(211)                                             8    45    37             0.691486
In_Ag(211)                                            10    45    22             0.569586
In_Ag(211)                                            12    45     7             0.661881
In_Ag(211)                                            12    45    11             0.625297
In_Ag(211)                                            12    45    22             0.602915
In_Ag(211)                                            13    45     7             0.650072
In_Ag(211)                                            13    45    11             0.613778
In_Ag(211)                                            13    45    22             0.591106
In_Ag(211)                                            13    45    26             0.646093
In_Ag(211)                                            13    45    41             0.821041
In_Ag(211)                                            14    45     7             0.670690
In_Ag(211)                                            14    45    11             0.613778
In_Ag(211)                                            14    45    22             0.666026
In_Ag(211)                                            14    45    26             0.613778
In_Ag(211)                                            14    45    37             0.670690
In_Ag(211)                                            15    45    22             0.543988
Sn_Ag(211)                                             0    45    22             0.561103
Sn_Ag(211)                                             1    45    22             0.590382
Sn_Ag(211)                                             2    45    22             0.565854
Sn_Ag(211)                                             3    45    22             0.624543
Sn_Ag(211)                                             5    45     7             0.628134
Sn_Ag(211)                                             5    45    11             0.613293
Sn_Ag(211)                                             5    45    22             0.591106
Sn_Ag(211)                                             7    45     7             0.610361
Sn_Ag(211)                                             7    45    11             0.529800
Sn_Ag(211)                                             7    45    22             0.765389
Sn_Ag(211)                                             7    45    26             0.563022
Sn_Ag(211)                                             7    45    37             0.697906
Sn_Ag(211)                                             8    45    22             0.587833
Sn_Ag(211)                                            10    45    22             0.569586
Sn_Ag(211)                                            12    45     7             0.642330
Sn_Ag(211)                                            12    45    11             0.590942
Sn_Ag(211)                                            12    45    22             0.602915
Sn_Ag(211)                                            13    45     7             0.628134
Sn_Ag(211)                                            13    45    11             0.579910
Sn_Ag(211)                                            13    45    22             0.591106
Sn_Ag(211)                                            13    45    26             0.611738
Sn_Ag(211)                                            13    45    41             0.821041
Sn_Ag(211)                                            14    45     7             0.650653
Sn_Ag(211)                                            14    45    11             0.579910
Sn_Ag(211)                                            14    45    22             0.666026
Sn_Ag(211)                                            14    45    26             0.579910
Sn_Ag(211)                                            14    45    37             0.650653
Sn_Ag(211)                                            15    45    22             0.543988
Hf_Ag(211)                                             0    45     7             0.821489
Hf_Ag(211)                                             0    45    11             0.557343
Hf_Ag(211)                                             0    45    22             0.587833
Hf_Ag(211)                                             0    45    37             0.723548
Hf_Ag(211)                                             0    45    41             0.635612
Hf_Ag(211)                                             1    45    22             0.590382
Hf_Ag(211)                                             2    45    22             0.565854
Hf_Ag(211)                                             3    45    22             0.624543
Hf_Ag(211)                                             5    45     7             0.655677
Hf_Ag(211)                                             5    45    11             0.638934
Hf_Ag(211)                                             5    45    22             0.591106
Hf_Ag(211)                                             6    45     7             0.672561
Hf_Ag(211)                                             6    45    11             0.588178
Hf_Ag(211)                                             6    45    22             0.587833
Hf_Ag(211)                                             6    45    26             0.616584
Hf_Ag(211)                                             7    45     7             0.635517
Hf_Ag(211)                                             7    45    11             0.557343
Hf_Ag(211)                                             7    45    22             0.765389
Hf_Ag(211)                                             7    45    26             0.564175
Hf_Ag(211)                                             7    45    37             0.723548
Hf_Ag(211)                                             8    45     7             0.697090
Hf_Ag(211)                                             8    45    11             0.689378
Hf_Ag(211)                                             8    45    22             0.587833
Hf_Ag(211)                                             8    45    26             0.689378
Hf_Ag(211)                                             8    45    37             0.697090
Hf_Ag(211)                                            10    45    22             0.569586
Hf_Ag(211)                                            12    45     7             0.667485
Hf_Ag(211)                                            12    45    11             0.616584
Hf_Ag(211)                                            12    45    22             0.602915
Hf_Ag(211)                                            13    45     7             0.655677
Hf_Ag(211)                                            13    45    11             0.605065
Hf_Ag(211)                                            13    45    22             0.591106
Hf_Ag(211)                                            13    45    26             0.637380
Hf_Ag(211)                                            13    45    41             0.821041
Hf_Ag(211)                                            14    45     7             0.676294
Hf_Ag(211)                                            14    45    11             0.605065
Hf_Ag(211)                                            14    45    22             0.666026
Hf_Ag(211)                                            14    45    26             0.605065
Hf_Ag(211)                                            14    45    37             0.676294
Hf_Ag(211)                                            15    45    22             0.543988
Ta_Ag(211)                                             0    45     7             0.821489
Ta_Ag(211)                                             0    45    11             0.608338
Ta_Ag(211)                                             0    45    22             0.587833
Ta_Ag(211)                                             0    45    37             0.723548
Ta_Ag(211)                                             0    45    41             0.659615
Ta_Ag(211)                                             1    45    22             0.590382
Ta_Ag(211)                                             2    45    22             0.565854
Ta_Ag(211)                                             3    45    22             0.624543
Ta_Ag(211)                                             5    45     7             0.655677
Ta_Ag(211)                                             5    45    11             0.603357
Ta_Ag(211)                                             5    45    22             0.591106
Ta_Ag(211)                                             6    45     7             0.672561
Ta_Ag(211)                                             6    45    11             0.588178
Ta_Ag(211)                                             6    45    22             0.587833
Ta_Ag(211)                                             6    45    26             0.638934
Ta_Ag(211)                                             7    45     7             0.635517
Ta_Ag(211)                                             7    45    11             0.608338
Ta_Ag(211)                                             7    45    22             0.765389
Ta_Ag(211)                                             7    45    26             0.588178
Ta_Ag(211)                                             7    45    37             0.723548
Ta_Ag(211)                                             8    45     7             0.697090
Ta_Ag(211)                                             8    45    11             0.829285
Ta_Ag(211)                                             8    45    22             0.587833
Ta_Ag(211)                                             8    45    26             0.829285
Ta_Ag(211)                                             8    45    37             0.697090
Ta_Ag(211)                                            10    45    22             0.569586
Ta_Ag(211)                                            12    45     7             0.667485
Ta_Ag(211)                                            12    45    11             0.638934
Ta_Ag(211)                                            12    45    22             0.602915
Ta_Ag(211)                                            13    45     7             0.655677
Ta_Ag(211)                                            13    45    11             0.605065
Ta_Ag(211)                                            13    45    22             0.591106
Ta_Ag(211)                                            13    45    26             0.637380
Ta_Ag(211)                                            13    45    41             0.821041
Ta_Ag(211)                                            14    45     7             0.676294
Ta_Ag(211)                                            14    45    11             0.605065
Ta_Ag(211)                                            14    45    22             0.765389
Ta_Ag(211)                                            14    45    26             0.605065
Ta_Ag(211)                                            14    45    37             0.676294
Ta_Ag(211)                                            15    45    22             0.543988
W_Ag(211)                                              0    45     7             0.821489
W_Ag(211)                                              0    45    11             0.616761
W_Ag(211)                                              0    45    22             0.587833
W_Ag(211)                                              0    45    37             0.723548
W_Ag(211)                                              0    45    41             0.659615
W_Ag(211)                                              1    45    22             0.590382
W_Ag(211)                                              2    45    22             0.565854
W_Ag(211)                                              3    45    22             0.624543
W_Ag(211)                                              5    45     7             0.655677
W_Ag(211)                                              5    45    11             0.611781
W_Ag(211)                                              5    45    22             0.591106
W_Ag(211)                                              6    45     7             0.672561
W_Ag(211)                                              6    45    11             0.596601
W_Ag(211)                                              6    45    22             0.587833
W_Ag(211)                                              6    45    26             0.647358
W_Ag(211)                                              7    45     7             0.635517
W_Ag(211)                                              7    45    11             0.616761
W_Ag(211)                                              7    45    22             0.765389
W_Ag(211)                                              7    45    26             0.596601
W_Ag(211)                                              7    45    37             0.723548
W_Ag(211)                                              8    45     7             0.697090
W_Ag(211)                                              8    45    11             0.837708
W_Ag(211)                                              8    45    22             0.587833
W_Ag(211)                                              8    45    26             0.837708
W_Ag(211)                                              8    45    37             0.697090
W_Ag(211)                                             10    45    22             0.569586
W_Ag(211)                                             12    45     7             0.604682
W_Ag(211)                                             12    45    11             0.647358
W_Ag(211)                                             12    45    22             0.540111
W_Ag(211)                                             13    45     7             0.655677
W_Ag(211)                                             13    45    11             0.613489
W_Ag(211)                                             13    45    22             0.591106
W_Ag(211)                                             13    45    26             0.664924
W_Ag(211)                                             13    45    41             0.821041
W_Ag(211)                                             14    45     7             0.698645
W_Ag(211)                                             14    45    11             0.628570
W_Ag(211)                                             14    45    22             0.765389
W_Ag(211)                                             14    45    26             0.628570
W_Ag(211)                                             14    45    37             0.698645
W_Ag(211)                                             15    45    22             0.543988
Re_Ag(211)                                             0    45    22             0.587833
Re_Ag(211)                                             1    45    22             0.590382
Re_Ag(211)                                             2    45    22             0.565854
Re_Ag(211)                                             3    45    22             0.624543
Re_Ag(211)                                             5    45     7             0.658426
Re_Ag(211)                                             5    45    11             0.599433
Re_Ag(211)                                             5    45    22             0.591106
Re_Ag(211)                                             6    45     7             0.668638
Re_Ag(211)                                             6    45    11             0.607814
Re_Ag(211)                                             6    45    22             0.587833
Re_Ag(211)                                             6    45    26             0.635011
Re_Ag(211)                                             7    45     7             0.638266
Re_Ag(211)                                             7    45    11             0.611087
Re_Ag(211)                                             7    45    22             0.765389
Re_Ag(211)                                             7    45    26             0.590927
Re_Ag(211)                                             7    45    37             0.738744
Re_Ag(211)                                             8    45     7             0.712287
Re_Ag(211)                                             8    45    11             0.832034
Re_Ag(211)                                             8    45    22             0.587833
Re_Ag(211)                                             8    45    26             0.832034
Re_Ag(211)                                             8    45    37             0.712287
Re_Ag(211)                                            10    45    22             0.569586
Re_Ag(211)                                            12    45     7             0.607431
Re_Ag(211)                                            12    45    11             0.635011
Re_Ag(211)                                            12    45    22             0.540111
Re_Ag(211)                                            13    45     7             0.658426
Re_Ag(211)                                            13    45    11             0.607814
Re_Ag(211)                                            13    45    22             0.591106
Re_Ag(211)                                            13    45    26             0.652576
Re_Ag(211)                                            13    45    41             0.821041
Re_Ag(211)                                            14    45     7             0.694721
Re_Ag(211)                                            14    45    11             0.622895
Re_Ag(211)                                            14    45    22             0.765389
Re_Ag(211)                                            14    45    26             0.622895
Re_Ag(211)                                            14    45    37             0.694721
Re_Ag(211)                                            15    45    22             0.543988
Os_Ag(211)                                             0    45    22             0.605598
Os_Ag(211)                                             1    45    22             0.608147
Os_Ag(211)                                             2    45    22             0.583618
Os_Ag(211)                                             3    45    22             0.642308
Os_Ag(211)                                             5    45     7             0.842471
Os_Ag(211)                                             5    45    11             0.760098
Os_Ag(211)                                             5    45    22             0.608871
Os_Ag(211)                                             6    45     7             0.848380
Os_Ag(211)                                             6    45    11             0.775170
Os_Ag(211)                                             6    45    22             0.605598
Os_Ag(211)                                             6    45    26             0.795676
Os_Ag(211)                                             7    45     7             0.824699
Os_Ag(211)                                             7    45    11             0.776055
Os_Ag(211)                                             7    45    22             0.783154
Os_Ag(211)                                             7    45    26             0.758283
Os_Ag(211)                                             7    45    37             1.008678
Os_Ag(211)                                             8    45     7             0.982221
Os_Ag(211)                                             8    45    11             0.997002
Os_Ag(211)                                             8    45    22             0.605598
Os_Ag(211)                                             8    45    26             0.997002
Os_Ag(211)                                             8    45    37             0.982221
Os_Ag(211)                                            10    45    22             0.587351
Os_Ag(211)                                            12    45     7             0.791476
Os_Ag(211)                                            12    45    11             0.795676
Os_Ag(211)                                            12    45    22             0.557876
Os_Ag(211)                                            13    45     7             0.842471
Os_Ag(211)                                            13    45    11             0.775170
Os_Ag(211)                                            13    45    22             0.608871
Os_Ag(211)                                            13    45    26             0.903434
Os_Ag(211)                                            13    45    41             0.821041
Os_Ag(211)                                            14    45     7             0.874463
Os_Ag(211)                                            14    45    11             0.790252
Os_Ag(211)                                            14    45    22             0.783154
Os_Ag(211)                                            14    45    26             0.790252
Os_Ag(211)                                            14    45    37             0.874463
Os_Ag(211)                                            15    45    22             0.561752
Hg_Ag(211)                                             0    45    22             0.735550
Hg_Ag(211)                                             1    45    22             0.777692
Hg_Ag(211)                                             2    45    22             0.764328
Hg_Ag(211)                                             3    45    22             0.777692
Hg_Ag(211)                                             5    45     7             0.778985
Hg_Ag(211)                                             5    45    11             0.722782
Hg_Ag(211)                                             5    45    22             0.765553
Hg_Ag(211)                                             7    45     7             0.758825
Hg_Ag(211)                                             7    45    11             0.712569
Hg_Ag(211)                                             7    45    22             0.931365
Hg_Ag(211)                                             7    45    26             0.692409
Hg_Ag(211)                                             7    45    37             0.949496
Hg_Ag(211)                                             8    45    22             0.762280
Hg_Ag(211)                                            10    45    22             0.795835
Hg_Ag(211)                                            12    45     7             0.790794
Hg_Ag(211)                                            12    45    11             0.714143
Hg_Ag(211)                                            12    45    22             0.777362
Hg_Ag(211)                                            13    45     7             0.778985
Hg_Ag(211)                                            13    45    11             0.709297
Hg_Ag(211)                                            13    45    22             0.765553
Hg_Ag(211)                                            13    45    26             0.844251
Hg_Ag(211)                                            13    45    41             0.821041
Hg_Ag(211)                                            14    45     7             0.792930
Hg_Ag(211)                                            14    45    11             0.709297
Hg_Ag(211)                                            14    45    22             0.832002
Hg_Ag(211)                                            14    45    26             0.709297
Hg_Ag(211)                                            14    45    37             0.792930
Hg_Ag(211)                                            15    45    22             0.742463
Tl_Ag(211)                                             0    45    22             0.587833
Tl_Ag(211)                                             1    45    22             0.590382
Tl_Ag(211)                                             2    45    22             0.565854
Tl_Ag(211)                                             3    45    22             0.624543
Tl_Ag(211)                                             5    45     7             0.664390
Tl_Ag(211)                                             5    45    11             0.647647
Tl_Ag(211)                                             5    45    22             0.591106
Tl_Ag(211)                                             6    45    22             0.587833
Tl_Ag(211)                                             7    45     7             0.644230
Tl_Ag(211)                                             7    45    11             0.566056
Tl_Ag(211)                                             7    45    22             0.765389
Tl_Ag(211)                                             7    45    26             0.572888
Tl_Ag(211)                                             7    45    37             0.732261
Tl_Ag(211)                                             8    45     7             0.705803
Tl_Ag(211)                                             8    45    11             0.698091
Tl_Ag(211)                                             8    45    22             0.587833
Tl_Ag(211)                                             8    45    26             0.698091
Tl_Ag(211)                                             8    45    37             0.705803
Tl_Ag(211)                                            10    45    22             0.569586
Tl_Ag(211)                                            12    45     7             0.676198
Tl_Ag(211)                                            12    45    11             0.625297
Tl_Ag(211)                                            12    45    22             0.602915
Tl_Ag(211)                                            13    45     7             0.664390
Tl_Ag(211)                                            13    45    11             0.613778
Tl_Ag(211)                                            13    45    22             0.591106
Tl_Ag(211)                                            13    45    26             0.646093
Tl_Ag(211)                                            13    45    41             0.821041
Tl_Ag(211)                                            14    45     7             0.685007
Tl_Ag(211)                                            14    45    11             0.613778
Tl_Ag(211)                                            14    45    22             0.666026
Tl_Ag(211)                                            14    45    26             0.613778
Tl_Ag(211)                                            14    45    37             0.685007
Tl_Ag(211)                                            15    45    22             0.543988
Pb_Ag(211)                                             0    45    22             0.587833
Pb_Ag(211)                                             1    45    22             0.590382
Pb_Ag(211)                                             2    45    22             0.565854
Pb_Ag(211)                                             3    45    22             0.624543
Pb_Ag(211)                                             5    45     7             0.613395
Pb_Ag(211)                                             5    45    11             0.647647
Pb_Ag(211)                                             5    45    22             0.540111
Pb_Ag(211)                                             6    45    22             0.587833
Pb_Ag(211)                                             7    45     7             0.644230
Pb_Ag(211)                                             7    45    11             0.566056
Pb_Ag(211)                                             7    45    22             0.765389
Pb_Ag(211)                                             7    45    26             0.572888
Pb_Ag(211)                                             7    45    37             0.732261
Pb_Ag(211)                                             8    45     7             0.705803
Pb_Ag(211)                                             8    45    11             0.617051
Pb_Ag(211)                                             8    45    22             0.587833
Pb_Ag(211)                                             8    45    26             0.617051
Pb_Ag(211)                                             8    45    37             0.705803
Pb_Ag(211)                                            10    45    22             0.569586
Pb_Ag(211)                                            12    45     7             0.676198
Pb_Ag(211)                                            12    45    11             0.625297
Pb_Ag(211)                                            12    45    22             0.602915
Pb_Ag(211)                                            13    45     7             0.664390
Pb_Ag(211)                                            13    45    11             0.613778
Pb_Ag(211)                                            13    45    22             0.591106
Pb_Ag(211)                                            13    45    26             0.778572
Pb_Ag(211)                                            13    45    41             0.953521
Pb_Ag(211)                                            14    45     7             0.685007
Pb_Ag(211)                                            14    45    11             0.613778
Pb_Ag(211)                                            14    45    22             0.666026
Pb_Ag(211)                                            14    45    26             0.613778
Pb_Ag(211)                                            14    45    37             0.685007
Pb_Ag(211)                                            15    45    22             0.543988
Sc_Cu(211)                                             0    45    19             0.563242
Sc_Cu(211)                                             1    45    19             0.561688
Sc_Cu(211)                                             2    45     4             0.533729
Sc_Cu(211)                                             2    45    11             0.681119
Sc_Cu(211)                                             2    45    19             0.531416
Sc_Cu(211)                                             2    45    26             0.598714
Sc_Cu(211)                                             2    45    34             0.786113
Sc_Cu(211)                                             2    45    41             0.719815
Sc_Cu(211)                                             3    45    19             0.563242
Sc_Cu(211)                                             5    45    19             0.531416
Sc_Cu(211)                                             6    45    11             0.784827
Sc_Cu(211)                                             6    45    19             0.534689
Sc_Cu(211)                                             6    45    26             0.571439
Sc_Cu(211)                                             6    45    34             0.496224
Sc_Cu(211)                                             6    45    41             1.034788
Sc_Cu(211)                                             7    45     4             0.533729
Sc_Cu(211)                                             7    45    11             0.595442
Sc_Cu(211)                                             7    45    19             0.828534
Sc_Cu(211)                                             7    45    26             0.598714
Sc_Cu(211)                                             7    45    34             0.492951
Sc_Cu(211)                                             7    45    41             0.894605
Sc_Cu(211)                                             8    45     4             0.554525
Sc_Cu(211)                                             8    45    11             0.610621
Sc_Cu(211)                                             8    45    19             0.546498
Sc_Cu(211)                                             8    45    26             0.595442
Sc_Cu(211)                                             8    45    34             0.492951
Sc_Cu(211)                                             9    45     4             0.556079
Sc_Cu(211)                                             9    45    11             0.892559
Sc_Cu(211)                                             9    45    19             0.483694
Sc_Cu(211)                                             9    45    26             0.892559
Sc_Cu(211)                                             9    45    34             0.556079
Sc_Cu(211)                                            10    45    19             0.561688
Sc_Cu(211)                                            11    45    19             0.507413
Sc_Cu(211)                                            14    45    11             0.623848
Sc_Cu(211)                                            14    45    19             0.764107
Sc_Cu(211)                                            14    45    26             0.595442
Sc_Cu(211)                                            14    45    34             0.686750
Sc_Cu(211)                                            14    45    41             0.748221
Sc_Cu(211)                                            15    45    19             0.534689
Sc_Cu(211)                                            15    45    26             0.610621
Sc_Cu(211)                                            15    45    34             0.496224
Sc_Cu(211)                                            16    45     4             0.508130
Sc_Cu(211)                                            16    45    11             0.547719
Sc_Cu(211)                                            16    45    19             0.828534
Sc_Cu(211)                                            16    45    26             0.547719
Sc_Cu(211)                                            16    45    34             0.508130
Sc_Cu(211)                                            17    45    19             0.531416
Ti_Cu(211)                                             0    45    19             0.622953
Ti_Cu(211)                                             1    45    19             0.621398
Ti_Cu(211)                                             2    45     4             0.683558
Ti_Cu(211)                                             2    45    11             0.621764
Ti_Cu(211)                                             2    45    19             0.578755
Ti_Cu(211)                                             2    45    26             0.828132
Ti_Cu(211)                                             2    45    34             0.820337
Ti_Cu(211)                                             2    45    41             0.719815
Ti_Cu(211)                                             3    45    19             0.622953
Ti_Cu(211)                                             5    45    19             0.578755
Ti_Cu(211)                                             6    45    11             0.784827
Ti_Cu(211)                                             6    45    19             0.656948
Ti_Cu(211)                                             6    45    26             0.595442
Ti_Cu(211)                                             6    45    34             0.720974
Ti_Cu(211)                                             6    45    41             1.034788
Ti_Cu(211)                                             7    45     4             0.683558
Ti_Cu(211)                                             7    45    11             0.595442
Ti_Cu(211)                                             7    45    19             0.756312
Ti_Cu(211)                                             7    45    26             0.828132
Ti_Cu(211)                                             7    45    34             0.642781
Ti_Cu(211)                                             7    45    41             0.830631
Ti_Cu(211)                                             8    45     4             0.704354
Ti_Cu(211)                                             8    45    11             0.571439
Ti_Cu(211)                                             8    45    19             0.531033
Ti_Cu(211)                                             8    45    26             0.595442
Ti_Cu(211)                                             8    45    34             0.642781
Ti_Cu(211)                                             8    45    41             1.034788
Ti_Cu(211)                                             9    45     4             0.705909
Ti_Cu(211)                                             9    45    11             0.892559
Ti_Cu(211)                                             9    45    19             0.531033
Ti_Cu(211)                                             9    45    26             0.892559
Ti_Cu(211)                                             9    45    34             0.705909
Ti_Cu(211)                                            10    45    19             0.621398
Ti_Cu(211)                                            11    45    19             0.554752
Ti_Cu(211)                                            14    45    11             0.646198
Ti_Cu(211)                                            14    45    19             0.756312
Ti_Cu(211)                                            14    45    26             0.610523
Ti_Cu(211)                                            14    45    34             0.820337
Ti_Cu(211)                                            14    45    41             0.770572
Ti_Cu(211)                                            15    45    19             0.582028
Ti_Cu(211)                                            15    45    26             0.610621
Ti_Cu(211)                                            15    45    34             0.646053
Ti_Cu(211)                                            16    45     4             0.651269
Ti_Cu(211)                                            16    45    11             0.598714
Ti_Cu(211)                                            16    45    19             0.756312
Ti_Cu(211)                                            16    45    26             0.598714
Ti_Cu(211)                                            16    45    34             0.618778
Ti_Cu(211)                                            17    45    19             0.578755
V_Cu(211)                                              0    45    19             0.622953
V_Cu(211)                                              1    45    19             0.621398
V_Cu(211)                                              2    45     4             0.683558
V_Cu(211)                                              2    45    11             0.610608
V_Cu(211)                                              2    45    19             0.578755
V_Cu(211)                                              2    45    26             0.828132
V_Cu(211)                                              2    45    34             0.820337
V_Cu(211)                                              2    45    41             0.719815
V_Cu(211)                                              3    45    19             0.622953
V_Cu(211)                                              5    45    19             0.578755
V_Cu(211)                                              6    45    11             0.644644
V_Cu(211)                                              6    45    19             0.756312
V_Cu(211)                                              6    45    26             0.595442
V_Cu(211)                                              6    45    34             0.820337
V_Cu(211)                                              6    45    41             0.894605
V_Cu(211)                                              7    45     4             0.683558
V_Cu(211)                                              7    45    11             0.595442
V_Cu(211)                                              7    45    19             0.756312
V_Cu(211)                                              7    45    26             0.828132
V_Cu(211)                                              7    45    34             0.642781
V_Cu(211)                                              7    45    41             0.800354
V_Cu(211)                                              8    45     4             0.704354
V_Cu(211)                                              8    45    11             0.595442
V_Cu(211)                                              8    45    19             0.531033
V_Cu(211)                                              8    45    26             0.595442
V_Cu(211)                                              8    45    34             0.642781
V_Cu(211)                                              8    45    41             1.034788
V_Cu(211)                                              9    45     4             0.705909
V_Cu(211)                                              9    45    11             0.892559
V_Cu(211)                                              9    45    19             0.582028
V_Cu(211)                                              9    45    26             0.892559
V_Cu(211)                                              9    45    34             0.705909
V_Cu(211)                                             10    45    19             0.621398
V_Cu(211)                                             11    45    19             0.554752
V_Cu(211)                                             14    45    11             0.646198
V_Cu(211)                                             14    45    19             0.756312
V_Cu(211)                                             14    45    26             0.547719
V_Cu(211)                                             14    45    34             0.820337
V_Cu(211)                                             14    45    41             0.770572
V_Cu(211)                                             15    45    19             0.582028
V_Cu(211)                                             15    45    26             0.603930
V_Cu(211)                                             15    45    34             0.646053
V_Cu(211)                                             16    45     4             0.618778
V_Cu(211)                                             16    45    11             0.598714
V_Cu(211)                                             16    45    19             0.756312
V_Cu(211)                                             16    45    26             0.598714
V_Cu(211)                                             16    45    34             0.618778
V_Cu(211)                                             17    45    19             0.578755
Cr_Cu(211)                                             0    45    19             0.622953
Cr_Cu(211)                                             1    45    19             0.621398
Cr_Cu(211)                                             2    45     4             0.683558
Cr_Cu(211)                                             2    45    11             0.648643
Cr_Cu(211)                                             2    45    19             0.578755
Cr_Cu(211)                                             2    45    26             0.852927
Cr_Cu(211)                                             2    45    34             0.820337
Cr_Cu(211)                                             2    45    41             0.719815
Cr_Cu(211)                                             3    45    19             0.622953
Cr_Cu(211)                                             5    45    19             0.578755
Cr_Cu(211)                                             6    45    11             0.688559
Cr_Cu(211)                                             6    45    19             0.756312
Cr_Cu(211)                                             6    45    26             0.620236
Cr_Cu(211)                                             6    45    34             0.820337
Cr_Cu(211)                                             6    45    41             0.894605
Cr_Cu(211)                                             7    45     4             0.683558
Cr_Cu(211)                                             7    45    11             0.620236
Cr_Cu(211)                                             7    45    19             0.756312
Cr_Cu(211)                                             7    45    26             0.852927
Cr_Cu(211)                                             7    45    34             0.642781
Cr_Cu(211)                                             7    45    41             0.813594
Cr_Cu(211)                                             8    45     4             0.704354
Cr_Cu(211)                                             8    45    11             0.620236
Cr_Cu(211)                                             8    45    19             0.531033
Cr_Cu(211)                                             8    45    26             0.635318
Cr_Cu(211)                                             8    45    34             0.642781
Cr_Cu(211)                                             8    45    41             1.034788
Cr_Cu(211)                                             9    45     4             0.705909
Cr_Cu(211)                                             9    45    11             0.917354
Cr_Cu(211)                                             9    45    19             0.582028
Cr_Cu(211)                                             9    45    26             0.917354
Cr_Cu(211)                                             9    45    34             0.705909
Cr_Cu(211)                                            10    45    19             0.621398
Cr_Cu(211)                                            11    45    19             0.554752
Cr_Cu(211)                                            14    45    11             0.670993
Cr_Cu(211)                                            14    45    19             0.756312
Cr_Cu(211)                                            14    45    26             0.572514
Cr_Cu(211)                                            14    45    34             0.820337
Cr_Cu(211)                                            14    45    41             0.770572
Cr_Cu(211)                                            15    45    11             0.828742
Cr_Cu(211)                                            15    45    19             0.582028
Cr_Cu(211)                                            15    45    26             0.596233
Cr_Cu(211)                                            15    45    34             0.646053
Cr_Cu(211)                                            15    45    41             1.034788
Cr_Cu(211)                                            16    45     4             0.618778
Cr_Cu(211)                                            16    45    11             0.623509
Cr_Cu(211)                                            16    45    19             0.756312
Cr_Cu(211)                                            16    45    26             0.623509
Cr_Cu(211)                                            16    45    34             0.618778
Cr_Cu(211)                                            17    45    19             0.578755
Mn_Cu(211)                                             0    45    19             0.622953
Mn_Cu(211)                                             1    45    19             0.621398
Mn_Cu(211)                                             2    45     4             0.683558
Mn_Cu(211)                                             2    45    11             0.648643
Mn_Cu(211)                                             2    45    19             0.593837
Mn_Cu(211)                                             2    45    26             0.852927
Mn_Cu(211)                                             2    45    34             0.820337
Mn_Cu(211)                                             2    45    41             0.719815
Mn_Cu(211)                                             3    45    19             0.622953
Mn_Cu(211)                                             5    45    19             0.578755
Mn_Cu(211)                                             6    45    11             0.688559
Mn_Cu(211)                                             6    45    19             0.756312
Mn_Cu(211)                                             6    45    26             0.620236
Mn_Cu(211)                                             6    45    34             0.820337
Mn_Cu(211)                                             6    45    41             0.894605
Mn_Cu(211)                                             7    45     4             0.683558
Mn_Cu(211)                                             7    45    11             0.620236
Mn_Cu(211)                                             7    45    19             0.756312
Mn_Cu(211)                                             7    45    26             0.852927
Mn_Cu(211)                                             7    45    34             0.657862
Mn_Cu(211)                                             7    45    41             0.813594
Mn_Cu(211)                                             8    45     4             0.704354
Mn_Cu(211)                                             8    45    11             0.620236
Mn_Cu(211)                                             8    45    19             0.531033
Mn_Cu(211)                                             8    45    26             0.635318
Mn_Cu(211)                                             8    45    34             0.642781
Mn_Cu(211)                                             8    45    41             0.894605
Mn_Cu(211)                                             9    45     4             0.705909
Mn_Cu(211)                                             9    45    11             0.917354
Mn_Cu(211)                                             9    45    19             0.582028
Mn_Cu(211)                                             9    45    26             0.917354
Mn_Cu(211)                                             9    45    34             0.705909
Mn_Cu(211)                                             9    45    41             1.034788
Mn_Cu(211)                                            10    45    19             0.621398
Mn_Cu(211)                                            11    45    19             0.554752
Mn_Cu(211)                                            14    45    11             0.670993
Mn_Cu(211)                                            14    45    19             0.756312
Mn_Cu(211)                                            14    45    26             0.572514
Mn_Cu(211)                                            14    45    34             0.820337
Mn_Cu(211)                                            14    45    41             0.770572
Mn_Cu(211)                                            15    45    11             0.828742
Mn_Cu(211)                                            15    45    19             0.582028
Mn_Cu(211)                                            15    45    26             0.596233
Mn_Cu(211)                                            15    45    34             0.646053
Mn_Cu(211)                                            15    45    41             1.034788
Mn_Cu(211)                                            16    45     4             0.618778
Mn_Cu(211)                                            16    45    11             0.623509
Mn_Cu(211)                                            16    45    19             0.756312
Mn_Cu(211)                                            16    45    26             0.623509
Mn_Cu(211)                                            16    45    34             0.618778
Mn_Cu(211)                                            17    45    19             0.578755
Fe_Cu(211)                                             0    45    19             0.640717
Fe_Cu(211)                                             1    45    19             0.639163
Fe_Cu(211)                                             2    45     4             0.708353
Fe_Cu(211)                                             2    45    11             0.648643
Fe_Cu(211)                                             2    45    19             0.611602
Fe_Cu(211)                                             2    45    26             0.917354
Fe_Cu(211)                                             2    45    34             0.845131
Fe_Cu(211)                                             2    45    41             0.719815
Fe_Cu(211)                                             3    45    19             0.640717
Fe_Cu(211)                                             5    45    19             0.596520
Fe_Cu(211)                                             6    45    11             0.713378
Fe_Cu(211)                                             6    45    19             0.774076
Fe_Cu(211)                                             6    45    26             0.620236
Fe_Cu(211)                                             6    45    34             0.845131
Fe_Cu(211)                                             6    45    41             0.894605
Fe_Cu(211)                                             7    45     4             0.708353
Fe_Cu(211)                                             7    45    11             0.620236
Fe_Cu(211)                                             7    45    19             0.774076
Fe_Cu(211)                                             7    45    26             0.917354
Fe_Cu(211)                                             7    45    34             0.682657
Fe_Cu(211)                                             7    45    41             0.813594
Fe_Cu(211)                                             8    45     4             0.748269
Fe_Cu(211)                                             8    45    11             0.620236
Fe_Cu(211)                                             8    45    19             0.548798
Fe_Cu(211)                                             8    45    26             0.635318
Fe_Cu(211)                                             8    45    34             0.667575
Fe_Cu(211)                                             8    45    41             0.894605
Fe_Cu(211)                                             9    45     4             0.730703
Fe_Cu(211)                                             9    45    11             0.917354
Fe_Cu(211)                                             9    45    19             0.599793
Fe_Cu(211)                                             9    45    26             0.917354
Fe_Cu(211)                                             9    45    34             0.730703
Fe_Cu(211)                                             9    45    41             1.034788
Fe_Cu(211)                                            10    45    19             0.639163
Fe_Cu(211)                                            11    45    19             0.572517
Fe_Cu(211)                                            14    45    11             0.670993
Fe_Cu(211)                                            14    45    19             0.774076
Fe_Cu(211)                                            14    45    26             0.572514
Fe_Cu(211)                                            14    45    34             0.845131
Fe_Cu(211)                                            14    45    41             0.770572
Fe_Cu(211)                                            15    45    11             0.853561
Fe_Cu(211)                                            15    45    19             0.599793
Fe_Cu(211)                                            15    45    26             0.596233
Fe_Cu(211)                                            15    45    34             0.670848
Fe_Cu(211)                                            15    45    41             1.034788
Fe_Cu(211)                                            16    45     4             0.643572
Fe_Cu(211)                                            16    45    11             0.623509
Fe_Cu(211)                                            16    45    19             0.774076
Fe_Cu(211)                                            16    45    26             0.623509
Fe_Cu(211)                                            16    45    34             0.643572
Fe_Cu(211)                                            17    45    19             0.596520
Co_Cu(211)                                             0    45    19             0.640717
Co_Cu(211)                                             1    45    19             0.639163
Co_Cu(211)                                             2    45     4             0.828912
Co_Cu(211)                                             2    45    11             0.815498
Co_Cu(211)                                             2    45    19             0.611602
Co_Cu(211)                                             2    45    26             1.018837
Co_Cu(211)                                             2    45    34             0.965691
Co_Cu(211)                                             2    45    41             0.719815
Co_Cu(211)                                             3    45    19             0.640717
Co_Cu(211)                                             5    45    19             0.596520
Co_Cu(211)                                             6    45    11             0.880233
Co_Cu(211)                                             6    45    19             0.774076
Co_Cu(211)                                             6    45    26             0.721719
Co_Cu(211)                                             6    45    34             0.965691
Co_Cu(211)                                             6    45    41             0.894605
Co_Cu(211)                                             7    45     4             0.828912
Co_Cu(211)                                             7    45    11             0.721719
Co_Cu(211)                                             7    45    19             0.774076
Co_Cu(211)                                             7    45    26             1.018837
Co_Cu(211)                                             7    45    34             0.803216
Co_Cu(211)                                             7    45    41             0.813594
Co_Cu(211)                                             8    45     4             0.959021
Co_Cu(211)                                             8    45    11             0.721719
Co_Cu(211)                                             8    45    19             0.548798
Co_Cu(211)                                             8    45    26             0.736800
Co_Cu(211)                                             8    45    34             0.788135
Co_Cu(211)                                             8    45    41             0.894605
Co_Cu(211)                                             9    45     4             0.851263
Co_Cu(211)                                             9    45    11             1.018837
Co_Cu(211)                                             9    45    19             0.599793
Co_Cu(211)                                             9    45    26             1.018837
Co_Cu(211)                                             9    45    34             0.851263
Co_Cu(211)                                             9    45    41             1.034788
Co_Cu(211)                                            10    45    19             0.639163
Co_Cu(211)                                            11    45    19             0.572517
Co_Cu(211)                                            14    45    11             0.772476
Co_Cu(211)                                            14    45    19             0.774076
Co_Cu(211)                                            14    45    26             0.673997
Co_Cu(211)                                            14    45    34             0.965691
Co_Cu(211)                                            14    45    41             0.770572
Co_Cu(211)                                            15    45    11             1.020417
Co_Cu(211)                                            15    45    19             0.599793
Co_Cu(211)                                            15    45    26             0.697716
Co_Cu(211)                                            15    45    34             0.791407
Co_Cu(211)                                            15    45    41             1.034788
Co_Cu(211)                                            16    45     4             0.764132
Co_Cu(211)                                            16    45    11             0.724992
Co_Cu(211)                                            16    45    19             0.774076
Co_Cu(211)                                            16    45    26             0.724992
Co_Cu(211)                                            16    45    34             0.764132
Co_Cu(211)                                            17    45    19             0.596520
Zn_Cu(211)                                             0    45    19             0.686232
Zn_Cu(211)                                             1    45    19             0.703797
Zn_Cu(211)                                             2    45    19             0.623104
Zn_Cu(211)                                             3    45    19             0.686232
Zn_Cu(211)                                             5    45    19             0.623104
Zn_Cu(211)                                             6    45    11             0.880233
Zn_Cu(211)                                             6    45    19             0.800660
Zn_Cu(211)                                             6    45    26             0.721719
Zn_Cu(211)                                             6    45    34             0.965691
Zn_Cu(211)                                             6    45    41             0.894605
Zn_Cu(211)                                             7    45     4             0.828912
Zn_Cu(211)                                             7    45    11             0.721719
Zn_Cu(211)                                             7    45    19             0.800660
Zn_Cu(211)                                             7    45    26             0.954410
Zn_Cu(211)                                             7    45    34             0.788135
Zn_Cu(211)                                             7    45    41             0.800354
Zn_Cu(211)                                             8    45     4             0.959021
Zn_Cu(211)                                             8    45    11             0.721719
Zn_Cu(211)                                             8    45    19             0.575381
Zn_Cu(211)                                             8    45    26             0.736800
Zn_Cu(211)                                             8    45    34             0.788135
Zn_Cu(211)                                             8    45    41             1.034788
Zn_Cu(211)                                             9    45     4             0.851263
Zn_Cu(211)                                             9    45    11             1.018837
Zn_Cu(211)                                             9    45    19             0.626376
Zn_Cu(211)                                             9    45    26             1.018837
Zn_Cu(211)                                             9    45    34             0.851263
Zn_Cu(211)                                            10    45    19             0.703797
Zn_Cu(211)                                            11    45    19             0.599101
Zn_Cu(211)                                            14    45    11             0.772476
Zn_Cu(211)                                            14    45    19             0.800660
Zn_Cu(211)                                            14    45    26             0.673997
Zn_Cu(211)                                            14    45    34             0.965691
Zn_Cu(211)                                            14    45    41             0.770572
Zn_Cu(211)                                            15    45    19             0.626376
Zn_Cu(211)                                            15    45    26             0.697716
Zn_Cu(211)                                            15    45    34             0.791407
Zn_Cu(211)                                            16    45     4             0.764132
Zn_Cu(211)                                            16    45    11             0.724992
Zn_Cu(211)                                            16    45    19             0.800660
Zn_Cu(211)                                            16    45    26             0.724992
Zn_Cu(211)                                            16    45    34             0.764132
Zn_Cu(211)                                            17    45    19             0.623104
Ga_Cu(211)                                             0    45    19             0.622953
Ga_Cu(211)                                             1    45    19             0.621398
Ga_Cu(211)                                             2    45    19             0.578755
Ga_Cu(211)                                             3    45    19             0.622953
Ga_Cu(211)                                             5    45    19             0.578755
Ga_Cu(211)                                             6    45    11             0.644644
Ga_Cu(211)                                             6    45    19             0.656948
Ga_Cu(211)                                             6    45    26             0.595442
Ga_Cu(211)                                             6    45    34             0.720974
Ga_Cu(211)                                             6    45    41             0.894605
Ga_Cu(211)                                             7    45     4             0.683558
Ga_Cu(211)                                             7    45    11             0.595442
Ga_Cu(211)                                             7    45    19             0.756312
Ga_Cu(211)                                             7    45    26             0.828132
Ga_Cu(211)                                             7    45    34             0.642781
Ga_Cu(211)                                             7    45    41             0.800354
Ga_Cu(211)                                             8    45     4             0.704354
Ga_Cu(211)                                             8    45    11             0.595442
Ga_Cu(211)                                             8    45    19             0.531033
Ga_Cu(211)                                             8    45    26             0.595442
Ga_Cu(211)                                             8    45    34             0.642781
Ga_Cu(211)                                             8    45    41             1.034788
Ga_Cu(211)                                             9    45     4             0.705909
Ga_Cu(211)                                             9    45    11             0.892559
Ga_Cu(211)                                             9    45    19             0.582028
Ga_Cu(211)                                             9    45    26             0.892559
Ga_Cu(211)                                             9    45    34             0.705909
Ga_Cu(211)                                            10    45    19             0.621398
Ga_Cu(211)                                            11    45    19             0.554752
Ga_Cu(211)                                            14    45    11             0.646198
Ga_Cu(211)                                            14    45    19             0.756312
Ga_Cu(211)                                            14    45    26             0.547719
Ga_Cu(211)                                            14    45    34             0.820337
Ga_Cu(211)                                            14    45    41             0.770572
Ga_Cu(211)                                            15    45    19             0.582028
Ga_Cu(211)                                            15    45    26             0.610621
Ga_Cu(211)                                            15    45    34             0.646053
Ga_Cu(211)                                            16    45     4             0.618778
Ga_Cu(211)                                            16    45    11             0.598714
Ga_Cu(211)                                            16    45    19             0.756312
Ga_Cu(211)                                            16    45    26             0.598714
Ga_Cu(211)                                            16    45    34             0.618778
Ga_Cu(211)                                            17    45    19             0.578755
Ge_Cu(211)                                             0    45    19             0.622953
Ge_Cu(211)                                             1    45    19             0.621398
Ge_Cu(211)                                             2    45    19             0.578755
Ge_Cu(211)                                             3    45    19             0.622953
Ge_Cu(211)                                             5    45    19             0.578755
Ge_Cu(211)                                             6    45    11             0.653357
Ge_Cu(211)                                             6    45    19             0.756312
Ge_Cu(211)                                             6    45    26             0.604155
Ge_Cu(211)                                             6    45    34             0.829050
Ge_Cu(211)                                             6    45    41             0.894605
Ge_Cu(211)                                             7    45     4             0.692271
Ge_Cu(211)                                             7    45    11             0.604155
Ge_Cu(211)                                             7    45    19             0.756312
Ge_Cu(211)                                             7    45    26             0.836845
Ge_Cu(211)                                             7    45    34             0.651494
Ge_Cu(211)                                             7    45    41             0.800354
Ge_Cu(211)                                             8    45     4             0.713067
Ge_Cu(211)                                             8    45    11             0.604155
Ge_Cu(211)                                             8    45    19             0.531033
Ge_Cu(211)                                             8    45    26             0.604155
Ge_Cu(211)                                             8    45    34             0.651494
Ge_Cu(211)                                             8    45    41             1.034788
Ge_Cu(211)                                             9    45     4             0.714622
Ge_Cu(211)                                             9    45    11             0.901272
Ge_Cu(211)                                             9    45    19             0.582028
Ge_Cu(211)                                             9    45    26             0.901272
Ge_Cu(211)                                             9    45    34             0.714622
Ge_Cu(211)                                            10    45    19             0.621398
Ge_Cu(211)                                            11    45    19             0.554752
Ge_Cu(211)                                            14    45    11             0.654911
Ge_Cu(211)                                            14    45    19             0.756312
Ge_Cu(211)                                            14    45    26             0.556432
Ge_Cu(211)                                            14    45    34             0.829050
Ge_Cu(211)                                            14    45    41             0.770572
Ge_Cu(211)                                            15    45    19             0.582028
Ge_Cu(211)                                            15    45    26             0.612643
Ge_Cu(211)                                            15    45    34             0.654766
Ge_Cu(211)                                            16    45     4             0.627491
Ge_Cu(211)                                            16    45    11             0.607427
Ge_Cu(211)                                            16    45    19             0.756312
Ge_Cu(211)                                            16    45    26             0.607427
Ge_Cu(211)                                            16    45    34             0.627491
Ge_Cu(211)                                            17    45    19             0.578755
Y_Cu(211)                                              0    45    19             0.563242
Y_Cu(211)                                              1    45    19             0.561688
Y_Cu(211)                                              2    45     4             0.533729
Y_Cu(211)                                              2    45    11             0.644644
Y_Cu(211)                                              2    45    19             0.531416
Y_Cu(211)                                              2    45    26             0.598714
Y_Cu(211)                                              2    45    34             0.786113
Y_Cu(211)                                              2    45    41             0.719815
Y_Cu(211)                                              3    45    19             0.563242
Y_Cu(211)                                              5    45     4             0.554525
Y_Cu(211)                                              5    45    11             0.784827
Y_Cu(211)                                              5    45    19             0.531416
Y_Cu(211)                                              5    45    26             0.595442
Y_Cu(211)                                              5    45    34             0.445229
Y_Cu(211)                                              5    45    41             0.695812
Y_Cu(211)                                              6    45    19             0.483694
Y_Cu(211)                                              6    45    26             0.610621
Y_Cu(211)                                              6    45    34             0.445229
Y_Cu(211)                                              7    45     4             0.533729
Y_Cu(211)                                              7    45    11             0.595442
Y_Cu(211)                                              7    45    19             0.828534
Y_Cu(211)                                              7    45    26             0.598714
Y_Cu(211)                                              7    45    34             0.492951
Y_Cu(211)                                              7    45    41             0.894605
Y_Cu(211)                                              8    45     4             0.588686
Y_Cu(211)                                              8    45    11             0.610621
Y_Cu(211)                                              8    45    19             0.531416
Y_Cu(211)                                              8    45    26             0.595442
Y_Cu(211)                                              8    45    34             0.492951
Y_Cu(211)                                              9    45     4             0.556079
Y_Cu(211)                                              9    45    11             0.822733
Y_Cu(211)                                              9    45    19             0.546498
Y_Cu(211)                                              9    45    26             0.822733
Y_Cu(211)                                              9    45    34             0.556079
Y_Cu(211)                                             10    45    19             0.561688
Y_Cu(211)                                             11    45     4             0.468948
Y_Cu(211)                                             11    45    19             0.507413
Y_Cu(211)                                             11    45    26             0.598714
Y_Cu(211)                                             11    45    34             0.786113
Y_Cu(211)                                             11    45    41             0.723087
Y_Cu(211)                                             14    45    11             0.623848
Y_Cu(211)                                             14    45    19             0.534689
Y_Cu(211)                                             14    45    26             0.595442
Y_Cu(211)                                             14    45    34             0.496224
Y_Cu(211)                                             14    45    41             0.748221
Y_Cu(211)                                             15    45    19             0.534689
Y_Cu(211)                                             15    45    26             0.610621
Y_Cu(211)                                             15    45    34             0.496224
Y_Cu(211)                                             16    45     4             0.508130
Y_Cu(211)                                             16    45    11             0.595442
Y_Cu(211)                                             16    45    19             0.828534
Y_Cu(211)                                             16    45    26             0.595442
Y_Cu(211)                                             16    45    34             0.508130
Y_Cu(211)                                             17    45     4             0.554525
Y_Cu(211)                                             17    45    11             0.610523
Y_Cu(211)                                             17    45    19             0.531416
Y_Cu(211)                                             17    45    26             0.610523
Y_Cu(211)                                             17    45    34             0.554525
Zr_Cu(211)                                             0    45    19             0.563242
Zr_Cu(211)                                             1    45    19             0.561688
Zr_Cu(211)                                             2    45     4             0.533729
Zr_Cu(211)                                             2    45    11             0.681119
Zr_Cu(211)                                             2    45    19             0.531416
Zr_Cu(211)                                             2    45    26             0.598714
Zr_Cu(211)                                             2    45    34             0.786113
Zr_Cu(211)                                             2    45    41             0.719815
Zr_Cu(211)                                             3    45    19             0.563242
Zr_Cu(211)                                             5    45     4             0.554525
Zr_Cu(211)                                             5    45    11             0.644644
Zr_Cu(211)                                             5    45    19             0.531416
Zr_Cu(211)                                             5    45    26             0.610523
Zr_Cu(211)                                             5    45    34             0.445229
Zr_Cu(211)                                             5    45    41             0.719815
Zr_Cu(211)                                             6    45    11             0.784827
Zr_Cu(211)                                             6    45    19             0.534689
Zr_Cu(211)                                             6    45    26             0.571439
Zr_Cu(211)                                             6    45    34             0.496224
Zr_Cu(211)                                             6    45    41             1.034788
Zr_Cu(211)                                             7    45     4             0.533729
Zr_Cu(211)                                             7    45    11             0.595442
Zr_Cu(211)                                             7    45    19             0.828534
Zr_Cu(211)                                             7    45    26             0.598714
Zr_Cu(211)                                             7    45    34             0.492951
Zr_Cu(211)                                             7    45    41             0.894605
Zr_Cu(211)                                             8    45     4             0.554525
Zr_Cu(211)                                             8    45    11             0.610621
Zr_Cu(211)                                             8    45    19             0.546498
Zr_Cu(211)                                             8    45    26             0.595442
Zr_Cu(211)                                             8    45    34             0.492951
Zr_Cu(211)                                             9    45     4             0.556079
Zr_Cu(211)                                             9    45    11             0.892559
Zr_Cu(211)                                             9    45    19             0.483694
Zr_Cu(211)                                             9    45    26             0.892559
Zr_Cu(211)                                             9    45    34             0.556079
Zr_Cu(211)                                            10    45    19             0.561688
Zr_Cu(211)                                            11    45    19             0.507413
Zr_Cu(211)                                            14    45    11             0.623848
Zr_Cu(211)                                            14    45    19             0.764107
Zr_Cu(211)                                            14    45    26             0.595442
Zr_Cu(211)                                            14    45    34             0.686750
Zr_Cu(211)                                            14    45    41             0.748221
Zr_Cu(211)                                            15    45    19             0.534689
Zr_Cu(211)                                            15    45    26             0.610621
Zr_Cu(211)                                            15    45    34             0.496224
Zr_Cu(211)                                            16    45     4             0.508130
Zr_Cu(211)                                            16    45    11             0.547719
Zr_Cu(211)                                            16    45    19             0.828534
Zr_Cu(211)                                            16    45    26             0.547719
Zr_Cu(211)                                            16    45    34             0.508130
Zr_Cu(211)                                            17    45     4             0.554525
Zr_Cu(211)                                            17    45    11             0.547719
Zr_Cu(211)                                            17    45    19             0.531416
Zr_Cu(211)                                            17    45    26             0.547719
Zr_Cu(211)                                            17    45    34             0.554525
Nb_Cu(211)                                             0    45    19             0.622953
Nb_Cu(211)                                             1    45    19             0.621398
Nb_Cu(211)                                             2    45     4             0.683558
Nb_Cu(211)                                             2    45    11             0.621764
Nb_Cu(211)                                             2    45    19             0.578755
Nb_Cu(211)                                             2    45    26             0.822733
Nb_Cu(211)                                             2    45    34             0.820337
Nb_Cu(211)                                             2    45    41             0.719815
Nb_Cu(211)                                             3    45    19             0.622953
Nb_Cu(211)                                             5    45    19             0.578755
Nb_Cu(211)                                             6    45    11             0.784827
Nb_Cu(211)                                             6    45    19             0.656948
Nb_Cu(211)                                             6    45    26             0.595442
Nb_Cu(211)                                             6    45    34             0.720974
Nb_Cu(211)                                             6    45    41             1.034788
Nb_Cu(211)                                             7    45     4             0.683558
Nb_Cu(211)                                             7    45    11             0.595442
Nb_Cu(211)                                             7    45    19             0.756312
Nb_Cu(211)                                             7    45    26             0.822733
Nb_Cu(211)                                             7    45    34             0.642781
Nb_Cu(211)                                             7    45    41             0.830631
Nb_Cu(211)                                             8    45     4             0.704354
Nb_Cu(211)                                             8    45    11             0.571439
Nb_Cu(211)                                             8    45    19             0.531033
Nb_Cu(211)                                             8    45    26             0.595442
Nb_Cu(211)                                             8    45    34             0.642781
Nb_Cu(211)                                             8    45    41             1.034788
Nb_Cu(211)                                             9    45     4             0.705909
Nb_Cu(211)                                             9    45    11             0.892559
Nb_Cu(211)                                             9    45    19             0.531033
Nb_Cu(211)                                             9    45    26             0.892559
Nb_Cu(211)                                             9    45    34             0.705909
Nb_Cu(211)                                            10    45    19             0.621398
Nb_Cu(211)                                            11    45    19             0.554752
Nb_Cu(211)                                            14    45    11             0.646198
Nb_Cu(211)                                            14    45    19             0.656948
Nb_Cu(211)                                            14    45    26             0.610523
Nb_Cu(211)                                            14    45    34             0.720974
Nb_Cu(211)                                            14    45    41             0.770572
Nb_Cu(211)                                            15    45    19             0.582028
Nb_Cu(211)                                            15    45    26             0.610621
Nb_Cu(211)                                            15    45    34             0.646053
Nb_Cu(211)                                            16    45     4             0.657960
Nb_Cu(211)                                            16    45    11             0.598714
Nb_Cu(211)                                            16    45    19             0.756312
Nb_Cu(211)                                            16    45    26             0.598714
Nb_Cu(211)                                            16    45    34             0.651269
Nb_Cu(211)                                            17    45    19             0.578755
Mo_Cu(211)                                             0    45    19             0.622953
Mo_Cu(211)                                             1    45    19             0.621398
Mo_Cu(211)                                             2    45     4             0.749219
Mo_Cu(211)                                             2    45    11             0.629059
Mo_Cu(211)                                             2    45    19             0.578755
Mo_Cu(211)                                             2    45    26             0.856400
Mo_Cu(211)                                             2    45    34             0.844918
Mo_Cu(211)                                             2    45    41             0.719815
Mo_Cu(211)                                             3    45    19             0.622953
Mo_Cu(211)                                             5    45    19             0.578755
Mo_Cu(211)                                             6    45    11             0.651938
Mo_Cu(211)                                             6    45    19             0.656948
Mo_Cu(211)                                             6    45    26             0.596980
Mo_Cu(211)                                             6    45    34             0.784733
Mo_Cu(211)                                             6    45    41             0.894605
Mo_Cu(211)                                             7    45     4             0.749219
Mo_Cu(211)                                             7    45    11             0.623710
Mo_Cu(211)                                             7    45    19             0.756312
Mo_Cu(211)                                             7    45    26             0.856400
Mo_Cu(211)                                             7    45    34             0.708927
Mo_Cu(211)                                             7    45    41             0.830631
Mo_Cu(211)                                             8    45     4             0.789135
Mo_Cu(211)                                             8    45    11             0.596980
Mo_Cu(211)                                             8    45    19             0.531033
Mo_Cu(211)                                             8    45    26             0.623710
Mo_Cu(211)                                             8    45    34             0.708927
Mo_Cu(211)                                             8    45    41             1.034788
Mo_Cu(211)                                             9    45     4             0.771569
Mo_Cu(211)                                             9    45    11             0.920828
Mo_Cu(211)                                             9    45    19             0.531033
Mo_Cu(211)                                             9    45    26             0.920828
Mo_Cu(211)                                             9    45    34             0.771569
Mo_Cu(211)                                            10    45    19             0.621398
Mo_Cu(211)                                            11    45    19             0.554752
Mo_Cu(211)                                            14    45    11             0.634373
Mo_Cu(211)                                            14    45    19             0.756312
Mo_Cu(211)                                            14    45    26             0.638791
Mo_Cu(211)                                            14    45    34             0.844918
Mo_Cu(211)                                            14    45    41             0.770572
Mo_Cu(211)                                            15    45    19             0.582028
Mo_Cu(211)                                            15    45    26             0.598795
Mo_Cu(211)                                            15    45    34             0.709812
Mo_Cu(211)                                            16    45     4             0.710743
Mo_Cu(211)                                            16    45    11             0.626982
Mo_Cu(211)                                            16    45    19             0.756312
Mo_Cu(211)                                            16    45    26             0.626982
Mo_Cu(211)                                            16    45    34             0.684924
Mo_Cu(211)                                            17    45    19             0.578755
Tc_Cu(211)                                             0    45    19             0.640717
Tc_Cu(211)                                             1    45    19             0.639163
Tc_Cu(211)                                             2    45     4             0.671733
Tc_Cu(211)                                             2    45    11             0.653332
Tc_Cu(211)                                             2    45    19             0.596520
Tc_Cu(211)                                             2    45    26             0.847252
Tc_Cu(211)                                             2    45    34             0.848605
Tc_Cu(211)                                             2    45    41             0.719815
Tc_Cu(211)                                             3    45    19             0.640717
Tc_Cu(211)                                             5    45    19             0.596520
Tc_Cu(211)                                             6    45    11             0.701030
Tc_Cu(211)                                             6    45    19             0.674713
Tc_Cu(211)                                             6    45    26             0.614562
Tc_Cu(211)                                             6    45    34             0.749242
Tc_Cu(211)                                             6    45    41             0.894605
Tc_Cu(211)                                             7    45     4             0.671733
Tc_Cu(211)                                             7    45    11             0.614562
Tc_Cu(211)                                             7    45    19             0.774076
Tc_Cu(211)                                             7    45    26             0.847252
Tc_Cu(211)                                             7    45    34             0.671049
Tc_Cu(211)                                             7    45    41             0.830631
Tc_Cu(211)                                             8    45     4             0.711649
Tc_Cu(211)                                             8    45    11             0.614562
Tc_Cu(211)                                             8    45    19             0.548798
Tc_Cu(211)                                             8    45    26             0.614562
Tc_Cu(211)                                             8    45    34             0.644319
Tc_Cu(211)                                             8    45    41             1.034788
Tc_Cu(211)                                             9    45     4             0.694083
Tc_Cu(211)                                             9    45    11             0.911679
Tc_Cu(211)                                             9    45    19             0.599793
Tc_Cu(211)                                             9    45    26             0.911679
Tc_Cu(211)                                             9    45    34             0.694083
Tc_Cu(211)                                            10    45    19             0.639163
Tc_Cu(211)                                            11    45    19             0.572517
Tc_Cu(211)                                            14    45    11             0.658646
Tc_Cu(211)                                            14    45    19             0.774076
Tc_Cu(211)                                            14    45    26             0.566839
Tc_Cu(211)                                            14    45    34             0.848605
Tc_Cu(211)                                            14    45    41             0.770572
Tc_Cu(211)                                            15    45    19             0.599793
Tc_Cu(211)                                            15    45    26             0.623068
Tc_Cu(211)                                            15    45    34             0.674321
Tc_Cu(211)                                            16    45     4             0.620316
Tc_Cu(211)                                            16    45    11             0.617834
Tc_Cu(211)                                            16    45    19             0.774076
Tc_Cu(211)                                            16    45    26             0.617834
Tc_Cu(211)                                            16    45    34             0.620316
Tc_Cu(211)                                            17    45    19             0.596520
Ru_Cu(211)                                             0    45    19             0.640717
Ru_Cu(211)                                             1    45    19             0.639163
Ru_Cu(211)                                             2    45     4             0.894660
Ru_Cu(211)                                             2    45    11             0.795529
Ru_Cu(211)                                             2    45    19             0.596520
Ru_Cu(211)                                             2    45    26             0.945779
Ru_Cu(211)                                             2    45    34             1.003237
Ru_Cu(211)                                             2    45    41             0.719815
Ru_Cu(211)                                             3    45    19             0.640717
Ru_Cu(211)                                             5    45    19             0.596520
Ru_Cu(211)                                             6    45    11             0.873505
Ru_Cu(211)                                             6    45    19             0.674713
Ru_Cu(211)                                             6    45    26             0.715477
Ru_Cu(211)                                             6    45    34             0.943052
Ru_Cu(211)                                             6    45    41             0.894605
Ru_Cu(211)                                             7    45     4             0.894660
Ru_Cu(211)                                             7    45    11             0.715477
Ru_Cu(211)                                             7    45    19             0.774076
Ru_Cu(211)                                             7    45    26             0.945779
Ru_Cu(211)                                             7    45    34             0.867246
Ru_Cu(211)                                             7    45    41             0.800354
Ru_Cu(211)                                             8    45     4             1.024769
Ru_Cu(211)                                             8    45    11             0.715477
Ru_Cu(211)                                             8    45    19             0.548798
Ru_Cu(211)                                             8    45    26             0.715477
Ru_Cu(211)                                             8    45    34             0.867246
Ru_Cu(211)                                             8    45    41             1.034788
Ru_Cu(211)                                             9    45     4             0.917011
Ru_Cu(211)                                             9    45    11             1.010207
Ru_Cu(211)                                             9    45    19             0.599793
Ru_Cu(211)                                             9    45    26             1.010207
Ru_Cu(211)                                             9    45    34             0.917011
Ru_Cu(211)                                            10    45    19             0.639163
Ru_Cu(211)                                            11    45    19             0.572517
Ru_Cu(211)                                            14    45    11             0.765747
Ru_Cu(211)                                            14    45    19             0.774076
Ru_Cu(211)                                            14    45    26             0.665367
Ru_Cu(211)                                            14    45    34             1.003237
Ru_Cu(211)                                            14    45    41             0.770572
Ru_Cu(211)                                            15    45    19             0.599793
Ru_Cu(211)                                            15    45    26             0.717292
Ru_Cu(211)                                            15    45    34             0.868131
Ru_Cu(211)                                            16    45     4             0.843243
Ru_Cu(211)                                            16    45    11             0.716362
Ru_Cu(211)                                            16    45    19             0.774076
Ru_Cu(211)                                            16    45    26             0.716362
Ru_Cu(211)                                            16    45    34             0.843243
Ru_Cu(211)                                            17    45    19             0.596520
Cd_Cu(211)                                             0    45    19             0.739817
Cd_Cu(211)                                             1    45    19             0.782202
Cd_Cu(211)                                             2    45     4             0.834625
Cd_Cu(211)                                             2    45    11             0.902222
Cd_Cu(211)                                             2    45    19             0.676689
Cd_Cu(211)                                             2    45    26             0.730704
Cd_Cu(211)                                             2    45    34             0.965691
Cd_Cu(211)                                             2    45    41             0.719815
Cd_Cu(211)                                             3    45    19             0.739817
Cd_Cu(211)                                             5    45    19             0.676689
Cd_Cu(211)                                             6    45    11             1.042405
Cd_Cu(211)                                             6    45    19             0.742705
Cd_Cu(211)                                             6    45    26             0.727432
Cd_Cu(211)                                             6    45    34             0.859863
Cd_Cu(211)                                             6    45    41             1.034788
Cd_Cu(211)                                             7    45     4             0.834625
Cd_Cu(211)                                             7    45    11             0.727432
Cd_Cu(211)                                             7    45    19             0.854245
Cd_Cu(211)                                             7    45    26             0.730704
Cd_Cu(211)                                             7    45    34             0.793847
Cd_Cu(211)                                             7    45    41             0.894605
Cd_Cu(211)                                             8    45     4             0.981009
Cd_Cu(211)                                             8    45    11             0.703428
Cd_Cu(211)                                             8    45    19             0.691771
Cd_Cu(211)                                             8    45    26             0.727432
Cd_Cu(211)                                             8    45    34             0.793847
Cd_Cu(211)                                             8    45    41             1.034788
Cd_Cu(211)                                             9    45     4             0.856975
Cd_Cu(211)                                             9    45    11             1.018837
Cd_Cu(211)                                             9    45    19             0.628967
Cd_Cu(211)                                             9    45    26             1.018837
Cd_Cu(211)                                             9    45    34             0.856975
Cd_Cu(211)                                            10    45    19             0.782202
Cd_Cu(211)                                            11    45    19             0.652686
Cd_Cu(211)                                            14    45    11             0.778188
Cd_Cu(211)                                            14    45    19             0.754882
Cd_Cu(211)                                            14    45    26             0.742513
Cd_Cu(211)                                            14    45    34             0.868567
Cd_Cu(211)                                            14    45    41             0.770572
Cd_Cu(211)                                            15    45    19             0.679962
Cd_Cu(211)                                            15    45    26             0.742611
Cd_Cu(211)                                            15    45    34             0.797120
Cd_Cu(211)                                            16    45     4             0.809026
Cd_Cu(211)                                            16    45    11             0.679709
Cd_Cu(211)                                            16    45    19             0.854245
Cd_Cu(211)                                            16    45    26             0.679709
Cd_Cu(211)                                            16    45    34             0.809026
Cd_Cu(211)                                            17    45    19             0.676689
In_Cu(211)                                             0    45    19             0.622953
In_Cu(211)                                             1    45    19             0.621398
In_Cu(211)                                             2    45     4             0.683558
In_Cu(211)                                             2    45    11             0.681119
In_Cu(211)                                             2    45    19             0.578755
In_Cu(211)                                             2    45    26             0.598714
In_Cu(211)                                             2    45    34             0.820337
In_Cu(211)                                             2    45    41             0.719815
In_Cu(211)                                             3    45    19             0.622953
In_Cu(211)                                             5    45    19             0.578755
In_Cu(211)                                             6    45    11             0.784827
In_Cu(211)                                             6    45    19             0.582028
In_Cu(211)                                             6    45    26             0.571439
In_Cu(211)                                             6    45    34             0.646053
In_Cu(211)                                             6    45    41             1.034788
In_Cu(211)                                             7    45     4             0.683558
In_Cu(211)                                             7    45    11             0.595442
In_Cu(211)                                             7    45    19             0.756312
In_Cu(211)                                             7    45    26             0.598714
In_Cu(211)                                             7    45    34             0.642781
In_Cu(211)                                             7    45    41             0.894605
In_Cu(211)                                             8    45     4             0.704354
In_Cu(211)                                             8    45    11             0.610621
In_Cu(211)                                             8    45    19             0.593837
In_Cu(211)                                             8    45    26             0.595442
In_Cu(211)                                             8    45    34             0.642781
In_Cu(211)                                             9    45     4             0.705909
In_Cu(211)                                             9    45    11             0.892559
In_Cu(211)                                             9    45    19             0.531033
In_Cu(211)                                             9    45    26             0.892559
In_Cu(211)                                             9    45    34             0.705909
In_Cu(211)                                            10    45    19             0.621398
In_Cu(211)                                            11    45    19             0.554752
In_Cu(211)                                            14    45    11             0.623848
In_Cu(211)                                            14    45    19             0.656948
In_Cu(211)                                            14    45    26             0.595442
In_Cu(211)                                            14    45    34             0.720974
In_Cu(211)                                            14    45    41             0.748221
In_Cu(211)                                            15    45    19             0.582028
In_Cu(211)                                            15    45    26             0.610621
In_Cu(211)                                            15    45    34             0.646053
In_Cu(211)                                            16    45     4             0.657960
In_Cu(211)                                            16    45    11             0.547719
In_Cu(211)                                            16    45    19             0.756312
In_Cu(211)                                            16    45    26             0.547719
In_Cu(211)                                            16    45    34             0.657960
In_Cu(211)                                            17    45    19             0.578755
Sn_Cu(211)                                             0    45    19             0.622953
Sn_Cu(211)                                             1    45    19             0.621398
Sn_Cu(211)                                             2    45     4             0.677954
Sn_Cu(211)                                             2    45    11             0.675515
Sn_Cu(211)                                             2    45    19             0.578755
Sn_Cu(211)                                             2    45    26             0.593110
Sn_Cu(211)                                             2    45    34             0.814732
Sn_Cu(211)                                             2    45    41             0.719815
Sn_Cu(211)                                             3    45    19             0.622953
Sn_Cu(211)                                             5    45    19             0.578755
Sn_Cu(211)                                             6    45    11             0.779223
Sn_Cu(211)                                             6    45    19             0.582028
Sn_Cu(211)                                             6    45    26             0.565834
Sn_Cu(211)                                             6    45    34             0.640449
Sn_Cu(211)                                             6    45    41             1.034788
Sn_Cu(211)                                             7    45     4             0.677954
Sn_Cu(211)                                             7    45    11             0.589837
Sn_Cu(211)                                             7    45    19             0.756312
Sn_Cu(211)                                             7    45    26             0.593110
Sn_Cu(211)                                             7    45    34             0.637176
Sn_Cu(211)                                             7    45    41             0.894605
Sn_Cu(211)                                             8    45     4             0.698750
Sn_Cu(211)                                             8    45    11             0.605016
Sn_Cu(211)                                             8    45    19             0.593837
Sn_Cu(211)                                             8    45    26             0.589837
Sn_Cu(211)                                             8    45    34             0.637176
Sn_Cu(211)                                             9    45     4             0.700304
Sn_Cu(211)                                             9    45    11             0.886955
Sn_Cu(211)                                             9    45    19             0.531033
Sn_Cu(211)                                             9    45    26             0.886955
Sn_Cu(211)                                             9    45    34             0.700304
Sn_Cu(211)                                            10    45    19             0.621398
Sn_Cu(211)                                            11    45    19             0.554752
Sn_Cu(211)                                            14    45    11             0.618244
Sn_Cu(211)                                            14    45    19             0.656948
Sn_Cu(211)                                            14    45    26             0.589837
Sn_Cu(211)                                            14    45    34             0.715369
Sn_Cu(211)                                            14    45    41             0.748221
Sn_Cu(211)                                            15    45    19             0.582028
Sn_Cu(211)                                            15    45    26             0.605016
Sn_Cu(211)                                            15    45    34             0.640449
Sn_Cu(211)                                            16    45     4             0.652355
Sn_Cu(211)                                            16    45    11             0.542115
Sn_Cu(211)                                            16    45    19             0.756312
Sn_Cu(211)                                            16    45    26             0.542115
Sn_Cu(211)                                            16    45    34             0.652355
Sn_Cu(211)                                            17    45    19             0.578755
Hf_Cu(211)                                             0    45    19             0.563242
Hf_Cu(211)                                             1    45    19             0.561688
Hf_Cu(211)                                             2    45     4             0.533729
Hf_Cu(211)                                             2    45    11             0.681119
Hf_Cu(211)                                             2    45    19             0.531416
Hf_Cu(211)                                             2    45    26             0.598714
Hf_Cu(211)                                             2    45    34             0.786113
Hf_Cu(211)                                             2    45    41             0.719815
Hf_Cu(211)                                             3    45    19             0.563242
Hf_Cu(211)                                             5    45     4             0.554525
Hf_Cu(211)                                             5    45    11             0.644644
Hf_Cu(211)                                             5    45    19             0.531416
Hf_Cu(211)                                             5    45    26             0.610523
Hf_Cu(211)                                             5    45    34             0.445229
Hf_Cu(211)                                             5    45    41             0.719815
Hf_Cu(211)                                             6    45    11             0.784827
Hf_Cu(211)                                             6    45    19             0.534689
Hf_Cu(211)                                             6    45    26             0.571439
Hf_Cu(211)                                             6    45    34             0.496224
Hf_Cu(211)                                             6    45    41             1.034788
Hf_Cu(211)                                             7    45     4             0.533729
Hf_Cu(211)                                             7    45    11             0.595442
Hf_Cu(211)                                             7    45    19             0.828534
Hf_Cu(211)                                             7    45    26             0.598714
Hf_Cu(211)                                             7    45    34             0.492951
Hf_Cu(211)                                             7    45    41             0.894605
Hf_Cu(211)                                             8    45     4             0.554525
Hf_Cu(211)                                             8    45    11             0.610621
Hf_Cu(211)                                             8    45    19             0.546498
Hf_Cu(211)                                             8    45    26             0.595442
Hf_Cu(211)                                             8    45    34             0.492951
Hf_Cu(211)                                             9    45     4             0.556079
Hf_Cu(211)                                             9    45    11             0.892559
Hf_Cu(211)                                             9    45    19             0.483694
Hf_Cu(211)                                             9    45    26             0.892559
Hf_Cu(211)                                             9    45    34             0.556079
Hf_Cu(211)                                            10    45    19             0.561688
Hf_Cu(211)                                            11    45    19             0.507413
Hf_Cu(211)                                            14    45    11             0.623848
Hf_Cu(211)                                            14    45    19             0.764107
Hf_Cu(211)                                            14    45    26             0.595442
Hf_Cu(211)                                            14    45    34             0.686750
Hf_Cu(211)                                            14    45    41             0.748221
Hf_Cu(211)                                            15    45    19             0.534689
Hf_Cu(211)                                            15    45    26             0.610621
Hf_Cu(211)                                            15    45    34             0.496224
Hf_Cu(211)                                            16    45     4             0.508130
Hf_Cu(211)                                            16    45    11             0.547719
Hf_Cu(211)                                            16    45    19             0.828534
Hf_Cu(211)                                            16    45    26             0.547719
Hf_Cu(211)                                            16    45    34             0.508130
Hf_Cu(211)                                            17    45     4             0.554525
Hf_Cu(211)                                            17    45    11             0.547719
Hf_Cu(211)                                            17    45    19             0.531416
Hf_Cu(211)                                            17    45    26             0.547719
Hf_Cu(211)                                            17    45    34             0.554525
Ta_Cu(211)                                             0    45    19             0.563242
Ta_Cu(211)                                             1    45    19             0.561688
Ta_Cu(211)                                             2    45     4             0.533729
Ta_Cu(211)                                             2    45    11             0.621764
Ta_Cu(211)                                             2    45    19             0.531416
Ta_Cu(211)                                             2    45    26             0.822733
Ta_Cu(211)                                             2    45    34             0.786113
Ta_Cu(211)                                             2    45    41             0.719815
Ta_Cu(211)                                             3    45    19             0.563242
Ta_Cu(211)                                             5    45    19             0.531416
Ta_Cu(211)                                             6    45    11             0.784827
Ta_Cu(211)                                             6    45    19             0.764107
Ta_Cu(211)                                             6    45    26             0.595442
Ta_Cu(211)                                             6    45    34             0.686750
Ta_Cu(211)                                             6    45    41             1.034788
Ta_Cu(211)                                             7    45     4             0.533729
Ta_Cu(211)                                             7    45    11             0.595442
Ta_Cu(211)                                             7    45    19             0.828534
Ta_Cu(211)                                             7    45    26             0.822733
Ta_Cu(211)                                             7    45    34             0.492951
Ta_Cu(211)                                             7    45    41             0.830631
Ta_Cu(211)                                             8    45     4             0.554525
Ta_Cu(211)                                             8    45    11             0.571439
Ta_Cu(211)                                             8    45    19             0.483694
Ta_Cu(211)                                             8    45    26             0.595442
Ta_Cu(211)                                             8    45    34             0.492951
Ta_Cu(211)                                             8    45    41             1.034788
Ta_Cu(211)                                             9    45     4             0.556079
Ta_Cu(211)                                             9    45    11             0.892559
Ta_Cu(211)                                             9    45    19             0.483694
Ta_Cu(211)                                             9    45    26             0.892559
Ta_Cu(211)                                             9    45    34             0.556079
Ta_Cu(211)                                            10    45    19             0.561688
Ta_Cu(211)                                            11    45    19             0.507413
Ta_Cu(211)                                            14    45    11             0.646198
Ta_Cu(211)                                            14    45    19             0.764107
Ta_Cu(211)                                            14    45    26             0.610523
Ta_Cu(211)                                            14    45    34             0.686750
Ta_Cu(211)                                            14    45    41             0.770572
Ta_Cu(211)                                            15    45    19             0.534689
Ta_Cu(211)                                            15    45    26             0.610621
Ta_Cu(211)                                            15    45    34             0.496224
Ta_Cu(211)                                            16    45     4             0.508130
Ta_Cu(211)                                            16    45    11             0.598714
Ta_Cu(211)                                            16    45    19             0.828534
Ta_Cu(211)                                            16    45    26             0.598714
Ta_Cu(211)                                            16    45    34             0.501439
Ta_Cu(211)                                            17    45     4             0.554525
Ta_Cu(211)                                            17    45    11             0.598714
Ta_Cu(211)                                            17    45    19             0.531416
Ta_Cu(211)                                            17    45    26             0.598714
Ta_Cu(211)                                            17    45    34             0.554525
W_Cu(211)                                              0    45    19             0.622953
W_Cu(211)                                              1    45    19             0.621398
W_Cu(211)                                              2    45     4             0.683558
W_Cu(211)                                              2    45    11             0.665679
W_Cu(211)                                              2    45    19             0.578755
W_Cu(211)                                              2    45    26             0.852927
W_Cu(211)                                              2    45    34             0.820337
W_Cu(211)                                              2    45    41             0.719815
W_Cu(211)                                              3    45    19             0.622953
W_Cu(211)                                              5    45    19             0.578755
W_Cu(211)                                              6    45    11             0.688559
W_Cu(211)                                              6    45    19             0.656948
W_Cu(211)                                              6    45    26             0.620236
W_Cu(211)                                              6    45    34             0.720974
W_Cu(211)                                              6    45    41             0.894605
W_Cu(211)                                              7    45     4             0.683558
W_Cu(211)                                              7    45    11             0.620236
W_Cu(211)                                              7    45    19             0.756312
W_Cu(211)                                              7    45    26             0.852927
W_Cu(211)                                              7    45    34             0.642781
W_Cu(211)                                              7    45    41             0.830631
W_Cu(211)                                              8    45     4             0.704354
W_Cu(211)                                              8    45    11             0.620236
W_Cu(211)                                              8    45    19             0.531033
W_Cu(211)                                              8    45    26             0.620236
W_Cu(211)                                              8    45    34             0.642781
W_Cu(211)                                              8    45    41             1.034788
W_Cu(211)                                              9    45     4             0.705909
W_Cu(211)                                              9    45    11             0.917354
W_Cu(211)                                              9    45    19             0.531033
W_Cu(211)                                              9    45    26             0.917354
W_Cu(211)                                              9    45    34             0.705909
W_Cu(211)                                             10    45    19             0.621398
W_Cu(211)                                             11    45    19             0.554752
W_Cu(211)                                             14    45    11             0.670993
W_Cu(211)                                             14    45    19             0.756312
W_Cu(211)                                             14    45    26             0.635318
W_Cu(211)                                             14    45    34             0.820337
W_Cu(211)                                             14    45    41             0.770572
W_Cu(211)                                             15    45    19             0.582028
W_Cu(211)                                             15    45    26             0.635415
W_Cu(211)                                             15    45    34             0.646053
W_Cu(211)                                             16    45     4             0.651269
W_Cu(211)                                             16    45    11             0.623509
W_Cu(211)                                             16    45    19             0.756312
W_Cu(211)                                             16    45    26             0.623509
W_Cu(211)                                             16    45    34             0.618778
W_Cu(211)                                             17    45    19             0.578755
Re_Cu(211)                                             0    45    19             0.622953
Re_Cu(211)                                             1    45    19             0.621398
Re_Cu(211)                                             2    45     4             0.708353
Re_Cu(211)                                             2    45    11             0.665679
Re_Cu(211)                                             2    45    19             0.578755
Re_Cu(211)                                             2    45    26             0.852927
Re_Cu(211)                                             2    45    34             0.845131
Re_Cu(211)                                             2    45    41             0.719815
Re_Cu(211)                                             3    45    19             0.622953
Re_Cu(211)                                             5    45    19             0.578755
Re_Cu(211)                                             6    45    11             0.688559
Re_Cu(211)                                             6    45    19             0.656948
Re_Cu(211)                                             6    45    26             0.620236
Re_Cu(211)                                             6    45    34             0.745768
Re_Cu(211)                                             6    45    41             0.894605
Re_Cu(211)                                             7    45     4             0.708353
Re_Cu(211)                                             7    45    11             0.620236
Re_Cu(211)                                             7    45    19             0.756312
Re_Cu(211)                                             7    45    26             0.852927
Re_Cu(211)                                             7    45    34             0.667575
Re_Cu(211)                                             7    45    41             0.830631
Re_Cu(211)                                             8    45     4             0.748269
Re_Cu(211)                                             8    45    11             0.620236
Re_Cu(211)                                             8    45    19             0.531033
Re_Cu(211)                                             8    45    26             0.620236
Re_Cu(211)                                             8    45    34             0.667575
Re_Cu(211)                                             8    45    41             1.034788
Re_Cu(211)                                             9    45     4             0.730703
Re_Cu(211)                                             9    45    11             0.917354
Re_Cu(211)                                             9    45    19             0.582028
Re_Cu(211)                                             9    45    26             0.917354
Re_Cu(211)                                             9    45    34             0.730703
Re_Cu(211)                                            10    45    19             0.621398
Re_Cu(211)                                            11    45    19             0.554752
Re_Cu(211)                                            14    45    11             0.670993
Re_Cu(211)                                            14    45    19             0.756312
Re_Cu(211)                                            14    45    26             0.635318
Re_Cu(211)                                            14    45    34             0.845131
Re_Cu(211)                                            14    45    41             0.770572
Re_Cu(211)                                            15    45    19             0.582028
Re_Cu(211)                                            15    45    26             0.635415
Re_Cu(211)                                            15    45    34             0.670848
Re_Cu(211)                                            16    45     4             0.643572
Re_Cu(211)                                            16    45    11             0.623509
Re_Cu(211)                                            16    45    19             0.756312
Re_Cu(211)                                            16    45    26             0.623509
Re_Cu(211)                                            16    45    34             0.643572
Re_Cu(211)                                            17    45    19             0.578755
Os_Cu(211)                                             0    45    19             0.640717
Os_Cu(211)                                             1    45    19             0.639163
Os_Cu(211)                                             2    45     4             0.894660
Os_Cu(211)                                             2    45    11             0.825806
Os_Cu(211)                                             2    45    19             0.596520
Os_Cu(211)                                             2    45    26             0.945779
Os_Cu(211)                                             2    45    34             1.003237
Os_Cu(211)                                             2    45    41             0.719815
Os_Cu(211)                                             3    45    19             0.640717
Os_Cu(211)                                             5    45    19             0.596520
Os_Cu(211)                                             6    45    11             0.873505
Os_Cu(211)                                             6    45    19             0.674713
Os_Cu(211)                                             6    45    26             0.715477
Os_Cu(211)                                             6    45    34             0.943052
Os_Cu(211)                                             6    45    41             0.894605
Os_Cu(211)                                             7    45     4             0.894660
Os_Cu(211)                                             7    45    11             0.715477
Os_Cu(211)                                             7    45    19             0.774076
Os_Cu(211)                                             7    45    26             0.945779
Os_Cu(211)                                             7    45    34             0.867246
Os_Cu(211)                                             7    45    41             0.830631
Os_Cu(211)                                             8    45     4             1.024769
Os_Cu(211)                                             8    45    11             0.715477
Os_Cu(211)                                             8    45    19             0.548798
Os_Cu(211)                                             8    45    26             0.715477
Os_Cu(211)                                             8    45    34             0.867246
Os_Cu(211)                                             8    45    41             1.034788
Os_Cu(211)                                             9    45     4             0.917011
Os_Cu(211)                                             9    45    11             1.010207
Os_Cu(211)                                             9    45    19             0.599793
Os_Cu(211)                                             9    45    26             1.010207
Os_Cu(211)                                             9    45    34             0.917011
Os_Cu(211)                                            10    45    19             0.639163
Os_Cu(211)                                            11    45    19             0.572517
Os_Cu(211)                                            14    45    11             0.765747
Os_Cu(211)                                            14    45    19             0.774076
Os_Cu(211)                                            14    45    26             0.665367
Os_Cu(211)                                            14    45    34             1.003237
Os_Cu(211)                                            14    45    41             0.770572
Os_Cu(211)                                            15    45    19             0.599793
Os_Cu(211)                                            15    45    26             0.717292
Os_Cu(211)                                            15    45    34             0.868131
Os_Cu(211)                                            16    45     4             0.843243
Os_Cu(211)                                            16    45    11             0.716362
Os_Cu(211)                                            16    45    19             0.774076
Os_Cu(211)                                            16    45    26             0.716362
Os_Cu(211)                                            16    45    34             0.843243
Os_Cu(211)                                            17    45    19             0.596520
Hg_Cu(211)                                             0    45    19             0.845945
Hg_Cu(211)                                             1    45    19             0.833225
Hg_Cu(211)                                             2    45     4             0.828912
Hg_Cu(211)                                             2    45    11             0.880233
Hg_Cu(211)                                             2    45    19             0.777720
Hg_Cu(211)                                             2    45    26             0.724992
Hg_Cu(211)                                             2    45    34             0.965691
Hg_Cu(211)                                             2    45    41             0.719815
Hg_Cu(211)                                             3    45    19             0.851368
Hg_Cu(211)                                             5    45    19             0.777720
Hg_Cu(211)                                             6    45    11             1.020417
Hg_Cu(211)                                             6    45    19             0.769246
Hg_Cu(211)                                             6    45    26             0.721719
Hg_Cu(211)                                             6    45    34             0.779661
Hg_Cu(211)                                             6    45    41             1.034788
Hg_Cu(211)                                             7    45     4             0.828912
Hg_Cu(211)                                             7    45    11             0.721719
Hg_Cu(211)                                             7    45    19             0.946805
Hg_Cu(211)                                             7    45    26             0.724992
Hg_Cu(211)                                             7    45    34             0.788135
Hg_Cu(211)                                             7    45    41             0.894605
Hg_Cu(211)                                             8    45     4             0.959021
Hg_Cu(211)                                             8    45    11             0.697716
Hg_Cu(211)                                             8    45    19             0.792801
Hg_Cu(211)                                             8    45    26             0.721719
Hg_Cu(211)                                             8    45    34             0.788135
Hg_Cu(211)                                             8    45    41             1.034788
Hg_Cu(211)                                             9    45     4             0.851263
Hg_Cu(211)                                             9    45    11             1.018837
Hg_Cu(211)                                             9    45    19             0.729997
Hg_Cu(211)                                             9    45    26             1.018837
Hg_Cu(211)                                             9    45    34             0.851263
Hg_Cu(211)                                            10    45    19             0.833225
Hg_Cu(211)                                            11    45    19             0.753717
Hg_Cu(211)                                            14    45    11             0.772476
Hg_Cu(211)                                            14    45    19             0.847442
Hg_Cu(211)                                            14    45    26             0.736800
Hg_Cu(211)                                            14    45    34             0.866328
Hg_Cu(211)                                            14    45    41             0.770572
Hg_Cu(211)                                            15    45    19             0.780992
Hg_Cu(211)                                            15    45    26             0.736898
Hg_Cu(211)                                            15    45    34             0.791407
Hg_Cu(211)                                            16    45     4             0.803314
Hg_Cu(211)                                            16    45    11             0.673997
Hg_Cu(211)                                            16    45    19             0.946805
Hg_Cu(211)                                            16    45    26             0.673997
Hg_Cu(211)                                            16    45    34             0.803314
Hg_Cu(211)                                            17    45    19             0.777720
Tl_Cu(211)                                             0    45    19             0.622953
Tl_Cu(211)                                             1    45    19             0.621398
Tl_Cu(211)                                             2    45     4             0.683558
Tl_Cu(211)                                             2    45    11             0.681119
Tl_Cu(211)                                             2    45    19             0.578755
Tl_Cu(211)                                             2    45    26             0.598714
Tl_Cu(211)                                             2    45    34             0.820337
Tl_Cu(211)                                             2    45    41             0.719815
Tl_Cu(211)                                             3    45    19             0.622953
Tl_Cu(211)                                             5    45    19             0.578755
Tl_Cu(211)                                             6    45    11             0.784827
Tl_Cu(211)                                             6    45    19             0.582028
Tl_Cu(211)                                             6    45    26             0.571439
Tl_Cu(211)                                             6    45    34             0.646053
Tl_Cu(211)                                             6    45    41             1.034788
Tl_Cu(211)                                             7    45     4             0.683558
Tl_Cu(211)                                             7    45    11             0.595442
Tl_Cu(211)                                             7    45    19             0.756312
Tl_Cu(211)                                             7    45    26             0.598714
Tl_Cu(211)                                             7    45    34             0.642781
Tl_Cu(211)                                             7    45    41             0.894605
Tl_Cu(211)                                             8    45     4             0.704354
Tl_Cu(211)                                             8    45    11             0.610621
Tl_Cu(211)                                             8    45    19             0.593837
Tl_Cu(211)                                             8    45    26             0.595442
Tl_Cu(211)                                             8    45    34             0.642781
Tl_Cu(211)                                             9    45     4             0.705909
Tl_Cu(211)                                             9    45    11             0.892559
Tl_Cu(211)                                             9    45    19             0.531033
Tl_Cu(211)                                             9    45    26             0.892559
Tl_Cu(211)                                             9    45    34             0.705909
Tl_Cu(211)                                            10    45    19             0.621398
Tl_Cu(211)                                            11    45    19             0.554752
Tl_Cu(211)                                            14    45    11             0.623848
Tl_Cu(211)                                            14    45    19             0.656948
Tl_Cu(211)                                            14    45    26             0.595442
Tl_Cu(211)                                            14    45    34             0.720974
Tl_Cu(211)                                            14    45    41             0.748221
Tl_Cu(211)                                            15    45    19             0.582028
Tl_Cu(211)                                            15    45    26             0.610621
Tl_Cu(211)                                            15    45    34             0.646053
Tl_Cu(211)                                            16    45     4             0.657960
Tl_Cu(211)                                            16    45    11             0.547719
Tl_Cu(211)                                            16    45    19             0.756312
Tl_Cu(211)                                            16    45    26             0.547719
Tl_Cu(211)                                            16    45    34             0.657960
Tl_Cu(211)                                            17    45    19             0.578755
Pb_Cu(211)                                             0    45    19             0.622953
Pb_Cu(211)                                             1    45    19             0.621398
Pb_Cu(211)                                             2    45     4             0.683558
Pb_Cu(211)                                             2    45    11             0.644644
Pb_Cu(211)                                             2    45    19             0.578755
Pb_Cu(211)                                             2    45    26             0.598714
Pb_Cu(211)                                             2    45    34             0.820337
Pb_Cu(211)                                             2    45    41             0.719815
Pb_Cu(211)                                             3    45    19             0.622953
Pb_Cu(211)                                             5    45    19             0.578755
Pb_Cu(211)                                             6    45    19             0.582028
Pb_Cu(211)                                             6    45    26             0.610621
Pb_Cu(211)                                             6    45    34             0.646053
Pb_Cu(211)                                             7    45     4             0.683558
Pb_Cu(211)                                             7    45    11             0.595442
Pb_Cu(211)                                             7    45    19             0.756312
Pb_Cu(211)                                             7    45    26             0.598714
Pb_Cu(211)                                             7    45    34             0.642781
Pb_Cu(211)                                             7    45    41             0.894605
Pb_Cu(211)                                             8    45     4             0.704354
Pb_Cu(211)                                             8    45    11             0.610621
Pb_Cu(211)                                             8    45    19             0.593837
Pb_Cu(211)                                             8    45    26             0.595442
Pb_Cu(211)                                             8    45    34             0.642781
Pb_Cu(211)                                             9    45     4             0.705909
Pb_Cu(211)                                             9    45    11             0.828132
Pb_Cu(211)                                             9    45    19             0.531033
Pb_Cu(211)                                             9    45    26             0.828132
Pb_Cu(211)                                             9    45    34             0.705909
Pb_Cu(211)                                            10    45    19             0.621398
Pb_Cu(211)                                            11    45    19             0.554752
Pb_Cu(211)                                            14    45    11             0.623848
Pb_Cu(211)                                            14    45    19             0.656948
Pb_Cu(211)                                            14    45    26             0.595442
Pb_Cu(211)                                            14    45    34             0.720974
Pb_Cu(211)                                            14    45    41             0.748221
Pb_Cu(211)                                            15    45    19             0.582028
Pb_Cu(211)                                            15    45    26             0.610621
Pb_Cu(211)                                            15    45    34             0.646053
Pb_Cu(211)                                            16    45     4             0.657960
Pb_Cu(211)                                            16    45    11             0.610523
Pb_Cu(211)                                            16    45    19             0.756312
Pb_Cu(211)                                            16    45    26             0.610523
Pb_Cu(211)                                            16    45    34             0.657960
Pb_Cu(211)                                            17    45    19             0.578755
